policy_id,customer_id,policy_type,premium,coverage_amount,deductible,policy_start_date,policy_end_date,policy_status,first_name,last_name,age,gender,marital_status,region,income,credit_score,employment_status,engagement_score,mobile_app_logins,response_time_minutes,risk_zone,past_claim_count,past_claim_amount_total,max_severity,last_claim_date,days_since_last_claim,driving_score,bmi,smoker_flag,property_risk_index,raw_text,sentiment_score,will_file_claim
1,1,Auto,120.0,50000.0,500.0,2023-01-10,,Active,Alice,Chen,32,Female,Single,New York,86291.9991891132,715,Employed,75,22,45,2,2,4700.0,3.0,2024-06-10,205.0,79.50054338045923,24.21949384312523,0,4,Theft incident reported in neighborhood,0.07751248363860834,1
2,2,Home,95.0,350000.0,1000.0,2022-05-01,,Active,Bob,Martinez,45,Male,Married,California,114426.33223650919,660,Employed,82,18,30,1,1,12000.0,5.0,2024-05-18,228.0,69.17710530641725,24.205621478578458,0,2,Car vandalized overnight,0.003485115736591125,1
3,3,Auto,140.0,60000.0,750.0,2023-03-15,,Active,Carol,Wong,29,Female,Single,Texas,59286.66301270516,658,Self-Employed,60,5,120,3,1,8000.0,4.0,2024-03-21,286.0,73.90398948332003,28.451773629396204,0,2,Windshield cracked by falling debris,0.0038119113840787127,0
4,4,Life,200.0,250000.0,0.0,2020-07-20,,Active,Daniel,Kim,52,Male,Married,Illinois,130824.41436706066,785,Employed,88,25,20,1,0,0.0,1.0,,9999.0,98.02743662913522,15.520318532053214,0,1,Minor accident but resolved quickly,0.13267669440909005,1
5,5,Auto,110.0,45000.0,500.0,2022-11-11,,Active,Eva,Lopez,40,Female,Married,Florida,90690.77482610205,702,Employed,69,10,75,2,1,2200.0,2.0,2024-09-01,122.0,69.10930927525666,16.650493004921803,0,2,Water leak caused interior damage,-0.0611991033371585,0
6,6,Auto,175.0,40000.0,1000.0,2023-02-01,,Active,Frank,Ng,37,Male,Single,Washington,76296.79507021092,639,Unemployed,40,2,180,4,0,0.0,1.0,,9999.0,66.49480995025317,23.626274824554166,0,5,Severe collision with significant damage,0.4087848474697194,0
7,7,Home,130.0,500000.0,1500.0,2021-09-12,,Active,Grace,Patel,50,Female,Widowed,New Jersey,102983.43816730172,751,Employed,95,30,15,1,1,9000.0,4.0,2024-11-30,32.0,88.27275683615524,20.923013277993455,0,2,Car vandalized overnight,0.02047252609628118,1
8,8,Auto,105.0,30000.0,500.0,2023-05-01,,Active,Henry,Smith,28,Male,Single,Nevada,52653.66704272979,627,Student,55,8,200,3,0,0.0,1.0,,9999.0,79.80760666212912,28.885483995571644,0,4,Water leak caused interior damage,0.008434566266971633,1
9,9,Health,220.0,1000000.0,100.0,2019-10-01,,Active,Isabella,Rossi,34,Female,Married,Colorado,82257.85695422054,723,Employed,78,17,40,2,1,1500.0,2.0,2024-04-03,273.0,68.6447404174125,21.551855546872734,0,4,Severe collision with significant damage,0.3691838480361871,1
10,10,Auto,150.0,55000.0,750.0,2023-01-30,,Active,Jason,Liu,47,Male,Married,Massachusetts,110102.0026723254,736,Employed,65,11,90,2,1,5000.0,3.0,2025-01-12,-11.0,77.2692330162534,18.526177791988253,1,4,"Small scratch, almost no damage",-0.26461598246691437,1
1,1,Auto,120.0,50000.0,500.0,2023-01-10,,Active,Alice,Chen,32,Female,Single,New York,86892.77299784009,718,Employed,75,22,45,2,2,4700.0,3.0,2024-06-10,205.0,79.39462244992478,24.21949384312523,0,4,Theft incident reported in neighborhood,0.045624169477370746,0
2,2,Home,95.0,350000.0,1000.0,2022-05-01,,Active,Bob,Martinez,45,Male,Married,California,122636.76239371594,679,Employed,82,18,30,1,1,12000.0,5.0,2024-05-18,228.0,68.94641913751862,24.205621478578458,0,2,Car vandalized overnight,-0.00706465316030475,1
3,3,Auto,140.0,60000.0,750.0,2023-03-15,,Active,Carol,Wong,29,Female,Single,Texas,77362.98533641218,644,Self-Employed,60,5,120,3,1,8000.0,4.0,2024-03-21,286.0,77.32284689132679,28.451773629396204,0,2,Windshield cracked by falling debris,-0.0032030519266944553,1
4,4,Life,200.0,250000.0,0.0,2020-07-20,,Active,Daniel,Kim,52,Male,Married,Illinois,139283.94074806946,759,Employed,88,25,20,1,0,0.0,1.0,,9999.0,90.84135985020986,15.520318532053214,0,1,Minor accident but resolved quickly,0.16816132441085535,1
5,5,Auto,110.0,45000.0,500.0,2022-11-11,,Active,Eva,Lopez,40,Female,Married,Florida,90385.66591612104,717,Employed,69,10,75,2,1,2200.0,2.0,2024-09-01,122.0,69.60330363801515,16.650493004921803,0,2,Water leak caused interior damage,0.010398046534019309,1
6,6,Auto,175.0,40000.0,1000.0,2023-02-01,,Active,Frank,Ng,37,Male,Single,Washington,76676.40842239057,634,Unemployed,40,2,180,4,0,0.0,1.0,,9999.0,66.51182004022922,23.626274824554166,0,5,Severe collision with significant damage,0.4571138028770219,1
7,7,Home,130.0,500000.0,1500.0,2021-09-12,,Active,Grace,Patel,50,Female,Widowed,New Jersey,96187.88884313399,786,Employed,95,30,15,1,1,9000.0,4.0,2024-11-30,32.0,85.95372595523166,20.923013277993455,0,2,Car vandalized overnight,-0.08806833887366522,0
8,8,Auto,105.0,30000.0,500.0,2023-05-01,,Active,Henry,Smith,28,Male,Single,Nevada,55808.517589672745,606,Student,55,8,200,3,0,0.0,1.0,,9999.0,80.57613240879665,28.885483995571644,0,4,Water leak caused interior damage,0.014995371918363155,0
9,9,Health,220.0,1000000.0,100.0,2019-10-01,,Active,Isabella,Rossi,34,Female,Married,Colorado,72497.29291117394,750,Employed,78,17,40,2,1,1500.0,2.0,2024-04-03,273.0,64.67970204463096,21.551855546872734,0,4,Severe collision with significant damage,0.33971971097639153,0
10,10,Auto,150.0,55000.0,750.0,2023-01-30,,Active,Jason,Liu,47,Male,Married,Massachusetts,104532.87144445481,701,Employed,65,11,90,2,1,5000.0,3.0,2025-01-12,-11.0,74.29123367194855,18.526177791988253,1,4,"Small scratch, almost no damage",-0.29710432673774645,0
1,1,Auto,120.0,50000.0,500.0,2023-01-10,,Active,Alice,Chen,32,Female,Single,New York,87545.22043338069,720,Employed,75,22,45,2,2,4700.0,3.0,2024-06-10,205.0,72.59096790598761,24.21949384312523,0,4,Theft incident reported in neighborhood,-0.02285321030221739,1
2,2,Home,95.0,350000.0,1000.0,2022-05-01,,Active,Bob,Martinez,45,Male,Married,California,116373.11732568029,713,Employed,82,18,30,1,1,12000.0,5.0,2024-05-18,228.0,69.98273176152361,24.205621478578458,0,2,Car vandalized overnight,0.002733970424088076,0
3,3,Auto,140.0,60000.0,750.0,2023-03-15,,Active,Carol,Wong,29,Female,Single,Texas,69904.17034970789,664,Self-Employed,60,5,120,3,1,8000.0,4.0,2024-03-21,286.0,79.97264268531909,28.451773629396204,0,2,Windshield cracked by falling debris,0.004953453796170486,1
4,4,Life,200.0,250000.0,0.0,2020-07-20,,Active,Daniel,Kim,52,Male,Married,Illinois,140214.64507359435,824,Employed,88,25,20,1,0,0.0,1.0,,9999.0,86.83622981827686,15.520318532053214,0,1,Minor accident but resolved quickly,0.065801355882742,1
5,5,Auto,110.0,45000.0,500.0,2022-11-11,,Active,Eva,Lopez,40,Female,Married,Florida,90846.34804930407,704,Employed,69,10,75,2,1,2200.0,2.0,2024-09-01,122.0,64.87041135966825,16.650493004921803,0,2,Water leak caused interior damage,-0.027054191483890974,1
6,6,Auto,175.0,40000.0,1000.0,2023-02-01,,Active,Frank,Ng,37,Male,Single,Washington,77388.1785847163,641,Unemployed,40,2,180,4,0,0.0,1.0,,9999.0,63.86933576046108,23.626274824554166,0,5,Severe collision with significant damage,0.38906107757382297,1
7,7,Home,130.0,500000.0,1500.0,2021-09-12,,Active,Grace,Patel,50,Female,Widowed,New Jersey,96414.6592674828,793,Employed,95,30,15,1,1,9000.0,4.0,2024-11-30,32.0,90.47957354266838,20.923013277993455,0,2,Car vandalized overnight,-0.043846522539182725,0
8,8,Auto,105.0,30000.0,500.0,2023-05-01,,Active,Henry,Smith,28,Male,Single,Nevada,59552.04871797223,587,Student,55,8,200,3,0,0.0,1.0,,9999.0,75.99330845527196,28.885483995571644,0,4,Water leak caused interior damage,-0.05573919523582577,1
9,9,Health,220.0,1000000.0,100.0,2019-10-01,,Active,Isabella,Rossi,34,Female,Married,Colorado,85875.76514172957,749,Employed,78,17,40,2,1,1500.0,2.0,2024-04-03,273.0,73.3308456448635,21.551855546872734,0,4,Severe collision with significant damage,0.2621933846253528,0
10,10,Auto,150.0,55000.0,750.0,2023-01-30,,Active,Jason,Liu,47,Male,Married,Massachusetts,105504.40666183985,696,Employed,65,11,90,2,1,5000.0,3.0,2025-01-12,-11.0,74.86959477914759,18.526177791988253,1,4,"Small scratch, almost no damage",-0.28315967241876794,1
1,1,Auto,120.0,50000.0,500.0,2023-01-10,,Active,Alice,Chen,32,Female,Single,New York,88800.02158202873,707,Employed,75,22,45,2,2,4700.0,3.0,2024-06-10,205.0,66.25971272464439,24.21949384312523,0,4,Theft incident reported in neighborhood,-0.0574814599475407,1
2,2,Home,95.0,350000.0,1000.0,2022-05-01,,Active,Bob,Martinez,45,Male,Married,California,126906.06587430145,670,Employed,82,18,30,1,1,12000.0,5.0,2024-05-18,228.0,68.22014171942925,24.205621478578458,0,2,Car vandalized overnight,-0.0491966441555029,0
3,3,Auto,140.0,60000.0,750.0,2023-03-15,,Active,Carol,Wong,29,Female,Single,Texas,69831.54030800005,640,Self-Employed,60,5,120,3,1,8000.0,4.0,2024-03-21,286.0,77.4801285379331,28.451773629396204,0,2,Windshield cracked by falling debris,-0.013591015163982662,1
4,4,Life,200.0,250000.0,0.0,2020-07-20,,Active,Daniel,Kim,52,Male,Married,Illinois,128262.85048653648,746,Employed,88,25,20,1,0,0.0,1.0,,9999.0,92.72323254699306,15.520318532053214,0,1,Minor accident but resolved quickly,0.11167522283952178,1
5,5,Auto,110.0,45000.0,500.0,2022-11-11,,Active,Eva,Lopez,40,Female,Married,Florida,91307.38089588005,703,Employed,69,10,75,2,1,2200.0,2.0,2024-09-01,122.0,68.34266445023079,16.650493004921803,0,2,Water leak caused interior damage,-0.058311894692965306,1
6,6,Auto,175.0,40000.0,1000.0,2023-02-01,,Active,Frank,Ng,37,Male,Single,Washington,74675.52418336525,649,Unemployed,40,2,180,4,0,0.0,1.0,,9999.0,63.85501578285063,23.626274824554166,0,5,Severe collision with significant damage,0.26920792173833863,0
7,7,Home,130.0,500000.0,1500.0,2021-09-12,,Active,Grace,Patel,50,Female,Widowed,New Jersey,101871.1790130526,763,Employed,95,30,15,1,1,9000.0,4.0,2024-11-30,32.0,87.8049862921016,20.923013277993455,0,2,Car vandalized overnight,0.015115565257382134,0
8,8,Auto,105.0,30000.0,500.0,2023-05-01,,Active,Henry,Smith,28,Male,Single,Nevada,62944.489402677034,630,Student,55,8,200,3,0,0.0,1.0,,9999.0,80.51889583643886,28.885483995571644,0,4,Water leak caused interior damage,0.03764136069042365,1
9,9,Health,220.0,1000000.0,100.0,2019-10-01,,Active,Isabella,Rossi,34,Female,Married,Colorado,76881.19247736048,754,Employed,78,17,40,2,1,1500.0,2.0,2024-04-03,273.0,55.70745036753894,21.551855546872734,0,4,Severe collision with significant damage,0.35516275105028133,0
10,10,Auto,150.0,55000.0,750.0,2023-01-30,,Active,Jason,Liu,47,Male,Married,Massachusetts,106624.4145586243,709,Employed,65,11,90,2,1,5000.0,3.0,2025-01-12,-11.0,81.86520746059338,18.526177791988253,1,4,"Small scratch, almost no damage",-0.26328878482271384,0
1,1,Auto,120.0,50000.0,500.0,2023-01-10,,Active,Alice,Chen,32,Female,Single,New York,84397.86456696087,723,Employed,75,22,45,2,2,4700.0,3.0,2024-06-10,205.0,72.63589029291613,24.21949384312523,0,4,Theft incident reported in neighborhood,0.00014052578430615793,0
2,2,Home,95.0,350000.0,1000.0,2022-05-01,,Active,Bob,Martinez,45,Male,Married,California,116137.7693124201,656,Employed,82,18,30,1,1,12000.0,5.0,2024-05-18,228.0,74.00900366973625,24.205621478578458,0,2,Car vandalized overnight,0.07893917883061259,0
3,3,Auto,140.0,60000.0,750.0,2023-03-15,,Active,Carol,Wong,29,Female,Single,Texas,68601.95631244237,640,Self-Employed,60,5,120,3,1,8000.0,4.0,2024-03-21,286.0,79.34212302171467,28.451773629396204,0,2,Windshield cracked by falling debris,-0.07838538969128855,1
4,4,Life,200.0,250000.0,0.0,2020-07-20,,Active,Daniel,Kim,52,Male,Married,Illinois,134546.31499461443,778,Employed,88,25,20,1,0,0.0,1.0,,9999.0,90.79473482247221,15.520318532053214,0,1,Minor accident but resolved quickly,0.1209421803730382,1
5,5,Auto,110.0,45000.0,500.0,2022-11-11,,Active,Eva,Lopez,40,Female,Married,Florida,100534.11288244849,697,Employed,69,10,75,2,1,2200.0,2.0,2024-09-01,122.0,71.78785324732505,16.650493004921803,0,2,Water leak caused interior damage,-0.08609864820663599,1
6,6,Auto,175.0,40000.0,1000.0,2023-02-01,,Active,Frank,Ng,37,Male,Single,Washington,70899.63644475654,638,Unemployed,40,2,180,4,0,0.0,1.0,,9999.0,69.48288472737983,23.626274824554166,0,5,Severe collision with significant damage,0.39311592293677794,1
7,7,Home,130.0,500000.0,1500.0,2021-09-12,,Active,Grace,Patel,50,Female,Widowed,New Jersey,96871.80869480064,794,Employed,95,30,15,1,1,9000.0,4.0,2024-11-30,32.0,91.64209865135851,20.923013277993455,0,2,Car vandalized overnight,-0.007197919689400563,0
8,8,Auto,105.0,30000.0,500.0,2023-05-01,,Active,Henry,Smith,28,Male,Single,Nevada,61695.772279163735,586,Student,55,8,200,3,0,0.0,1.0,,9999.0,78.55155098798939,28.885483995571644,0,4,Water leak caused interior damage,0.010149605646803877,0
9,9,Health,220.0,1000000.0,100.0,2019-10-01,,Active,Isabella,Rossi,34,Female,Married,Colorado,83490.82039196207,757,Employed,78,17,40,2,1,1500.0,2.0,2024-04-03,273.0,65.85498209466897,21.551855546872734,0,4,Severe collision with significant damage,0.38265612812955385,1
10,10,Auto,150.0,55000.0,750.0,2023-01-30,,Active,Jason,Liu,47,Male,Married,Massachusetts,119148.90393182916,703,Employed,65,11,90,2,1,5000.0,3.0,2025-01-12,-11.0,74.1607292631446,18.526177791988253,1,4,"Small scratch, almost no damage",-0.2004645873148242,1
1,1,Auto,120.0,50000.0,500.0,2023-01-10,,Active,Alice,Chen,32,Female,Single,New York,91491.6819973655,724,Employed,75,22,45,2,2,4700.0,3.0,2024-06-10,205.0,74.58692543778292,24.21949384312523,0,4,Theft incident reported in neighborhood,0.026906648228423292,0
2,2,Home,95.0,350000.0,1000.0,2022-05-01,,Active,Bob,Martinez,45,Male,Married,California,123294.93230790057,680,Employed,82,18,30,1,1,12000.0,5.0,2024-05-18,228.0,76.19960857782142,24.205621478578458,0,2,Car vandalized overnight,0.041525397883004384,1
3,3,Auto,140.0,60000.0,750.0,2023-03-15,,Active,Carol,Wong,29,Female,Single,Texas,69172.23698258228,637,Self-Employed,60,5,120,3,1,8000.0,4.0,2024-03-21,286.0,74.53948811700663,28.451773629396204,0,2,Windshield cracked by falling debris,-0.053276734494847204,1
4,4,Life,200.0,250000.0,0.0,2020-07-20,,Active,Daniel,Kim,52,Male,Married,Illinois,138586.52153484378,756,Employed,88,25,20,1,0,0.0,1.0,,9999.0,88.89362678344142,15.520318532053214,0,1,Minor accident but resolved quickly,0.20132520991542388,0
5,5,Auto,110.0,45000.0,500.0,2022-11-11,,Active,Eva,Lopez,40,Female,Married,Florida,87558.71193061066,735,Employed,69,10,75,2,1,2200.0,2.0,2024-09-01,122.0,67.64403565018186,16.650493004921803,0,2,Water leak caused interior damage,-0.03611813697444998,1
6,6,Auto,175.0,40000.0,1000.0,2023-02-01,,Active,Frank,Ng,37,Male,Single,Washington,73735.33641276091,663,Unemployed,40,2,180,4,0,0.0,1.0,,9999.0,65.94733862948664,23.626274824554166,0,5,Severe collision with significant damage,0.341756522868801,0
7,7,Home,130.0,500000.0,1500.0,2021-09-12,,Active,Grace,Patel,50,Female,Widowed,New Jersey,94070.30301256434,749,Employed,95,30,15,1,1,9000.0,4.0,2024-11-30,32.0,91.00815753237046,20.923013277993455,0,2,Car vandalized overnight,0.013542128867649734,1
8,8,Auto,105.0,30000.0,500.0,2023-05-01,,Active,Henry,Smith,28,Male,Single,Nevada,59084.60993504393,602,Student,55,8,200,3,0,0.0,1.0,,9999.0,81.56810512080044,28.885483995571644,0,4,Water leak caused interior damage,0.015095913152463817,0
9,9,Health,220.0,1000000.0,100.0,2019-10-01,,Active,Isabella,Rossi,34,Female,Married,Colorado,83850.5651599988,736,Employed,78,17,40,2,1,1500.0,2.0,2024-04-03,273.0,60.663030636190264,21.551855546872734,0,4,Severe collision with significant damage,0.3214071598883761,1
10,10,Auto,150.0,55000.0,750.0,2023-01-30,,Active,Jason,Liu,47,Male,Married,Massachusetts,109161.230252652,686,Employed,65,11,90,2,1,5000.0,3.0,2025-01-12,-11.0,76.91614736921778,18.526177791988253,1,4,"Small scratch, almost no damage",-0.25866396458869484,0
1,1,Auto,120.0,50000.0,500.0,2023-01-10,,Active,Alice,Chen,32,Female,Single,New York,81903.82827701398,692,Employed,75,22,45,2,2,4700.0,3.0,2024-06-10,205.0,71.63110048104537,24.21949384312523,0,4,Theft incident reported in neighborhood,0.0744117658434738,0
2,2,Home,95.0,350000.0,1000.0,2022-05-01,,Active,Bob,Martinez,45,Male,Married,California,118560.88741883205,681,Employed,82,18,30,1,1,12000.0,5.0,2024-05-18,228.0,71.49502285921498,24.205621478578458,0,2,Car vandalized overnight,-0.07341682807670476,0
3,3,Auto,140.0,60000.0,750.0,2023-03-15,,Active,Carol,Wong,29,Female,Single,Texas,70896.33300610351,679,Self-Employed,60,5,120,3,1,8000.0,4.0,2024-03-21,286.0,78.47821169865881,28.451773629396204,0,2,Windshield cracked by falling debris,0.07426096205063631,0
4,4,Life,200.0,250000.0,0.0,2020-07-20,,Active,Daniel,Kim,52,Male,Married,Illinois,133976.94145216423,772,Employed,88,25,20,1,0,0.0,1.0,,9999.0,88.60567782376465,15.520318532053214,0,1,Minor accident but resolved quickly,0.12958174409584217,0
5,5,Auto,110.0,45000.0,500.0,2022-11-11,,Active,Eva,Lopez,40,Female,Married,Florida,93399.6848162494,708,Employed,69,10,75,2,1,2200.0,2.0,2024-09-01,122.0,69.82628489880958,16.650493004921803,0,2,Water leak caused interior damage,-0.11688774167175767,1
6,6,Auto,175.0,40000.0,1000.0,2023-02-01,,Active,Frank,Ng,37,Male,Single,Washington,69754.70309699557,623,Unemployed,40,2,180,4,0,0.0,1.0,,9999.0,66.08831535473624,23.626274824554166,0,5,Severe collision with significant damage,0.3066634133258547,0
7,7,Home,130.0,500000.0,1500.0,2021-09-12,,Active,Grace,Patel,50,Female,Widowed,New Jersey,96518.7801817557,778,Employed,95,30,15,1,1,9000.0,4.0,2024-11-30,32.0,92.60664162296152,20.923013277993455,0,2,Car vandalized overnight,-0.04817387688675967,0
8,8,Auto,105.0,30000.0,500.0,2023-05-01,,Active,Henry,Smith,28,Male,Single,Nevada,57973.427121473906,611,Student,55,8,200,3,0,0.0,1.0,,9999.0,75.41543725881037,28.885483995571644,0,4,Water leak caused interior damage,-0.031196465039137113,1
9,9,Health,220.0,1000000.0,100.0,2019-10-01,,Active,Isabella,Rossi,34,Female,Married,Colorado,74760.19725115011,719,Employed,78,17,40,2,1,1500.0,2.0,2024-04-03,273.0,70.01381344435869,21.551855546872734,0,4,Severe collision with significant damage,0.3697643370687331,1
10,10,Auto,150.0,55000.0,750.0,2023-01-30,,Active,Jason,Liu,47,Male,Married,Massachusetts,121774.65366592514,671,Employed,65,11,90,2,1,5000.0,3.0,2025-01-12,-11.0,74.30707579281217,18.526177791988253,1,4,"Small scratch, almost no damage",-0.38517400648807865,0
1,1,Auto,120.0,50000.0,500.0,2023-01-10,,Active,Alice,Chen,32,Female,Single,New York,80614.93681887457,741,Employed,75,22,45,2,2,4700.0,3.0,2024-06-10,205.0,69.17585356535244,24.21949384312523,0,4,Theft incident reported in neighborhood,0.009340219623882677,0
2,2,Home,95.0,350000.0,1000.0,2022-05-01,,Active,Bob,Martinez,45,Male,Married,California,123659.53728770405,666,Employed,82,18,30,1,1,12000.0,5.0,2024-05-18,228.0,67.02668875209486,24.205621478578458,0,2,Car vandalized overnight,-0.052754525416244216,1
3,3,Auto,140.0,60000.0,750.0,2023-03-15,,Active,Carol,Wong,29,Female,Single,Texas,65335.75751907829,657,Self-Employed,60,5,120,3,1,8000.0,4.0,2024-03-21,286.0,76.00438966819148,28.451773629396204,0,2,Windshield cracked by falling debris,0.06952612858005293,1
4,4,Life,200.0,250000.0,0.0,2020-07-20,,Active,Daniel,Kim,52,Male,Married,Illinois,132944.85003396703,748,Employed,88,25,20,1,0,0.0,1.0,,9999.0,86.93206233229616,15.520318532053214,0,1,Minor accident but resolved quickly,0.12815783062946795,0
5,5,Auto,110.0,45000.0,500.0,2022-11-11,,Active,Eva,Lopez,40,Female,Married,Florida,91205.29120379854,720,Employed,69,10,75,2,1,2200.0,2.0,2024-09-01,122.0,68.1167515652559,16.650493004921803,0,2,Water leak caused interior damage,0.04714230858663648,1
6,6,Auto,175.0,40000.0,1000.0,2023-02-01,,Active,Frank,Ng,37,Male,Single,Washington,69165.93231605297,654,Unemployed,40,2,180,4,0,0.0,1.0,,9999.0,71.58172596016293,23.626274824554166,0,5,Severe collision with significant damage,0.43051744899571465,0
7,7,Home,130.0,500000.0,1500.0,2021-09-12,,Active,Grace,Patel,50,Female,Widowed,New Jersey,97349.04674648715,786,Employed,95,30,15,1,1,9000.0,4.0,2024-11-30,32.0,88.18373013050015,20.923013277993455,0,2,Car vandalized overnight,0.05416366217331084,0
8,8,Auto,105.0,30000.0,500.0,2023-05-01,,Active,Henry,Smith,28,Male,Single,Nevada,59414.108773033535,608,Student,55,8,200,3,0,0.0,1.0,,9999.0,76.4427464705593,28.885483995571644,0,4,Water leak caused interior damage,-0.02832033714812428,0
9,9,Health,220.0,1000000.0,100.0,2019-10-01,,Active,Isabella,Rossi,34,Female,Married,Colorado,76615.93193417718,753,Employed,78,17,40,2,1,1500.0,2.0,2024-04-03,273.0,59.860120119645394,21.551855546872734,0,4,Severe collision with significant damage,0.3460399921139338,1
10,10,Auto,150.0,55000.0,750.0,2023-01-30,,Active,Jason,Liu,47,Male,Married,Massachusetts,106710.04252487975,724,Employed,65,11,90,2,1,5000.0,3.0,2025-01-12,-11.0,74.6379893577954,18.526177791988253,1,4,"Small scratch, almost no damage",-0.26124866496441573,0
1,1,Auto,120.0,50000.0,500.0,2023-01-10,,Active,Alice,Chen,32,Female,Single,New York,89346.9080921571,716,Employed,75,22,45,2,2,4700.0,3.0,2024-06-10,205.0,68.40927047913338,24.21949384312523,0,4,Theft incident reported in neighborhood,0.03181186876894628,0
2,2,Home,95.0,350000.0,1000.0,2022-05-01,,Active,Bob,Martinez,45,Male,Married,California,124019.94752281053,684,Employed,82,18,30,1,1,12000.0,5.0,2024-05-18,228.0,65.44029601188033,24.205621478578458,0,2,Car vandalized overnight,-0.025534763487708136,0
3,3,Auto,140.0,60000.0,750.0,2023-03-15,,Active,Carol,Wong,29,Female,Single,Texas,66232.93590709595,652,Self-Employed,60,5,120,3,1,8000.0,4.0,2024-03-21,286.0,82.74847804065706,28.451773629396204,0,2,Windshield cracked by falling debris,-0.00596312367951239,1
4,4,Life,200.0,250000.0,0.0,2020-07-20,,Active,Daniel,Kim,52,Male,Married,Illinois,134663.33965927528,773,Employed,88,25,20,1,0,0.0,1.0,,9999.0,84.98292145858261,15.520318532053214,0,1,Minor accident but resolved quickly,0.15534635748363915,1
5,5,Auto,110.0,45000.0,500.0,2022-11-11,,Active,Eva,Lopez,40,Female,Married,Florida,94948.06429174585,701,Employed,69,10,75,2,1,2200.0,2.0,2024-09-01,122.0,69.70502294652118,16.650493004921803,0,2,Water leak caused interior damage,-0.04524459630239333,0
6,6,Auto,175.0,40000.0,1000.0,2023-02-01,,Active,Frank,Ng,37,Male,Single,Washington,69294.0844610978,632,Unemployed,40,2,180,4,0,0.0,1.0,,9999.0,62.28442815737588,23.626274824554166,0,5,Severe collision with significant damage,0.3265945855835441,1
7,7,Home,130.0,500000.0,1500.0,2021-09-12,,Active,Grace,Patel,50,Female,Widowed,New Jersey,101352.09063550057,795,Employed,95,30,15,1,1,9000.0,4.0,2024-11-30,32.0,96.03493738333093,20.923013277993455,0,2,Car vandalized overnight,-0.007913194070199527,1
8,8,Auto,105.0,30000.0,500.0,2023-05-01,,Active,Henry,Smith,28,Male,Single,Nevada,67898.28478781394,621,Student,55,8,200,3,0,0.0,1.0,,9999.0,86.55964368209375,28.885483995571644,0,4,Water leak caused interior damage,-0.001291059252417922,1
9,9,Health,220.0,1000000.0,100.0,2019-10-01,,Active,Isabella,Rossi,34,Female,Married,Colorado,87860.13905570186,723,Employed,78,17,40,2,1,1500.0,2.0,2024-04-03,273.0,66.73039359502009,21.551855546872734,0,4,Severe collision with significant damage,0.39669427400008217,0
10,10,Auto,150.0,55000.0,750.0,2023-01-30,,Active,Jason,Liu,47,Male,Married,Massachusetts,102240.35512558703,654,Employed,65,11,90,2,1,5000.0,3.0,2025-01-12,-11.0,84.47573092960566,18.526177791988253,1,4,"Small scratch, almost no damage",-0.21640567125242222,1
1,1,Auto,120.0,50000.0,500.0,2023-01-10,,Active,Alice,Chen,32,Female,Single,New York,81949.49214313939,697,Employed,75,22,45,2,2,4700.0,3.0,2024-06-10,205.0,77.38374173584545,24.21949384312523,0,4,Theft incident reported in neighborhood,-0.05495314102858243,1
2,2,Home,95.0,350000.0,1000.0,2022-05-01,,Active,Bob,Martinez,45,Male,Married,California,120674.63754877317,697,Employed,82,18,30,1,1,12000.0,5.0,2024-05-18,228.0,71.41489684254401,24.205621478578458,0,2,Car vandalized overnight,-0.040604246597178234,1
3,3,Auto,140.0,60000.0,750.0,2023-03-15,,Active,Carol,Wong,29,Female,Single,Texas,62712.49219746624,619,Self-Employed,60,5,120,3,1,8000.0,4.0,2024-03-21,286.0,82.81999796413446,28.451773629396204,0,2,Windshield cracked by falling debris,-0.0485376143781551,0
4,4,Life,200.0,250000.0,0.0,2020-07-20,,Active,Daniel,Kim,52,Male,Married,Illinois,132327.01320347036,784,Employed,88,25,20,1,0,0.0,1.0,,9999.0,88.9952320892901,15.520318532053214,0,1,Minor accident but resolved quickly,0.21228903674623772,0
5,5,Auto,110.0,45000.0,500.0,2022-11-11,,Active,Eva,Lopez,40,Female,Married,Florida,89450.83598528292,695,Employed,69,10,75,2,1,2200.0,2.0,2024-09-01,122.0,60.980649656979715,16.650493004921803,0,2,Water leak caused interior damage,-0.006013529510126771,1
6,6,Auto,175.0,40000.0,1000.0,2023-02-01,,Active,Frank,Ng,37,Male,Single,Washington,80605.2862587745,641,Unemployed,40,2,180,4,0,0.0,1.0,,9999.0,70.34620993754743,23.626274824554166,0,5,Severe collision with significant damage,0.37580646476225105,1
7,7,Home,130.0,500000.0,1500.0,2021-09-12,,Active,Grace,Patel,50,Female,Widowed,New Jersey,99818.38937885265,770,Employed,95,30,15,1,1,9000.0,4.0,2024-11-30,32.0,87.06311540835485,20.923013277993455,0,2,Car vandalized overnight,0.002888718200675642,0
8,8,Auto,105.0,30000.0,500.0,2023-05-01,,Active,Henry,Smith,28,Male,Single,Nevada,60867.74690464937,611,Student,55,8,200,3,0,0.0,1.0,,9999.0,77.61909746601307,28.885483995571644,0,4,Water leak caused interior damage,-0.035783500685881965,1
9,9,Health,220.0,1000000.0,100.0,2019-10-01,,Active,Isabella,Rossi,34,Female,Married,Colorado,82049.69492948642,725,Employed,78,17,40,2,1,1500.0,2.0,2024-04-03,273.0,65.55788703469534,21.551855546872734,0,4,Severe collision with significant damage,0.45321347594730155,1
10,10,Auto,150.0,55000.0,750.0,2023-01-30,,Active,Jason,Liu,47,Male,Married,Massachusetts,112173.95476496975,684,Employed,65,11,90,2,1,5000.0,3.0,2025-01-12,-11.0,78.77584404190107,18.526177791988253,1,4,"Small scratch, almost no damage",-0.2294486672590636,1
1,1,Auto,120.0,50000.0,500.0,2023-01-10,,Active,Alice,Chen,32,Female,Single,New York,85112.3978533928,710,Employed,75,22,45,2,2,4700.0,3.0,2024-06-10,205.0,76.56110837215967,24.21949384312523,0,4,Theft incident reported in neighborhood,0.00197952648889745,0
2,2,Home,95.0,350000.0,1000.0,2022-05-01,,Active,Bob,Martinez,45,Male,Married,California,115211.65174664679,697,Employed,82,18,30,1,1,12000.0,5.0,2024-05-18,228.0,70.88374653057502,24.205621478578458,0,2,Car vandalized overnight,-0.055262821057528305,1
3,3,Auto,140.0,60000.0,750.0,2023-03-15,,Active,Carol,Wong,29,Female,Single,Texas,71158.69121900269,662,Self-Employed,60,5,120,3,1,8000.0,4.0,2024-03-21,286.0,74.94483392096753,28.451773629396204,0,2,Windshield cracked by falling debris,-0.05809662458281224,0
4,4,Life,200.0,250000.0,0.0,2020-07-20,,Active,Daniel,Kim,52,Male,Married,Illinois,136725.95785305215,762,Employed,88,25,20,1,0,0.0,1.0,,9999.0,88.10554309800317,15.520318532053214,0,1,Minor accident but resolved quickly,0.12622129008637825,1
5,5,Auto,110.0,45000.0,500.0,2022-11-11,,Active,Eva,Lopez,40,Female,Married,Florida,85612.99080569124,710,Employed,69,10,75,2,1,2200.0,2.0,2024-09-01,122.0,70.58650130512345,16.650493004921803,0,2,Water leak caused interior damage,-0.0349995896785915,1
6,6,Auto,175.0,40000.0,1000.0,2023-02-01,,Active,Frank,Ng,37,Male,Single,Washington,72270.79374431891,642,Unemployed,40,2,180,4,0,0.0,1.0,,9999.0,74.2815212223567,23.626274824554166,0,5,Severe collision with significant damage,0.3216277827226724,0
7,7,Home,130.0,500000.0,1500.0,2021-09-12,,Active,Grace,Patel,50,Female,Widowed,New Jersey,103550.04645766507,772,Employed,95,30,15,1,1,9000.0,4.0,2024-11-30,32.0,97.45629614198154,20.923013277993455,0,2,Car vandalized overnight,-0.018547900978577763,1
8,8,Auto,105.0,30000.0,500.0,2023-05-01,,Active,Henry,Smith,28,Male,Single,Nevada,62421.9325233907,612,Student,55,8,200,3,0,0.0,1.0,,9999.0,80.94112348074583,28.885483995571644,0,4,Water leak caused interior damage,-0.010821401413794462,1
9,9,Health,220.0,1000000.0,100.0,2019-10-01,,Active,Isabella,Rossi,34,Female,Married,Colorado,77118.80802856474,724,Employed,78,17,40,2,1,1500.0,2.0,2024-04-03,273.0,67.72634667576301,21.551855546872734,0,4,Severe collision with significant damage,0.3820892710230135,1
10,10,Auto,150.0,55000.0,750.0,2023-01-30,,Active,Jason,Liu,47,Male,Married,Massachusetts,108920.26492369724,694,Employed,65,11,90,2,1,5000.0,3.0,2025-01-12,-11.0,84.43703718229234,18.526177791988253,1,4,"Small scratch, almost no damage",-0.27519597356871317,1
1,1,Auto,120.0,50000.0,500.0,2023-01-10,,Active,Alice,Chen,32,Female,Single,New York,84426.15108147725,729,Employed,75,22,45,2,2,4700.0,3.0,2024-06-10,205.0,73.27722568920082,24.21949384312523,0,4,Theft incident reported in neighborhood,-0.05038003473300156,0
2,2,Home,95.0,350000.0,1000.0,2022-05-01,,Active,Bob,Martinez,45,Male,Married,California,122468.01510286052,692,Employed,82,18,30,1,1,12000.0,5.0,2024-05-18,228.0,70.85962779679612,24.205621478578458,0,2,Car vandalized overnight,-0.048646044299562353,1
3,3,Auto,140.0,60000.0,750.0,2023-03-15,,Active,Carol,Wong,29,Female,Single,Texas,72995.76279655965,657,Self-Employed,60,5,120,3,1,8000.0,4.0,2024-03-21,286.0,80.8456342551529,28.451773629396204,0,2,Windshield cracked by falling debris,0.06064863646130939,0
4,4,Life,200.0,250000.0,0.0,2020-07-20,,Active,Daniel,Kim,52,Male,Married,Illinois,135262.5966324449,794,Employed,88,25,20,1,0,0.0,1.0,,9999.0,94.06780402120329,15.520318532053214,0,1,Minor accident but resolved quickly,0.07907878234857954,0
5,5,Auto,110.0,45000.0,500.0,2022-11-11,,Active,Eva,Lopez,40,Female,Married,Florida,94676.83058781049,683,Employed,69,10,75,2,1,2200.0,2.0,2024-09-01,122.0,62.64159398117507,16.650493004921803,0,2,Water leak caused interior damage,0.018159114914563512,1
6,6,Auto,175.0,40000.0,1000.0,2023-02-01,,Active,Frank,Ng,37,Male,Single,Washington,78493.26787635771,654,Unemployed,40,2,180,4,0,0.0,1.0,,9999.0,63.43273338140777,23.626274824554166,0,5,Severe collision with significant damage,0.4009773164887198,0
7,7,Home,130.0,500000.0,1500.0,2021-09-12,,Active,Grace,Patel,50,Female,Widowed,New Jersey,100822.60053602669,775,Employed,95,30,15,1,1,9000.0,4.0,2024-11-30,32.0,89.03608263050752,20.923013277993455,0,2,Car vandalized overnight,-0.006063773791783444,1
8,8,Auto,105.0,30000.0,500.0,2023-05-01,,Active,Henry,Smith,28,Male,Single,Nevada,54226.066593215044,594,Student,55,8,200,3,0,0.0,1.0,,9999.0,80.72012739912145,28.885483995571644,0,4,Water leak caused interior damage,0.08839145292025895,0
9,9,Health,220.0,1000000.0,100.0,2019-10-01,,Active,Isabella,Rossi,34,Female,Married,Colorado,75889.15654364604,742,Employed,78,17,40,2,1,1500.0,2.0,2024-04-03,273.0,68.85776318371582,21.551855546872734,0,4,Severe collision with significant damage,0.40008594965138494,1
10,10,Auto,150.0,55000.0,750.0,2023-01-30,,Active,Jason,Liu,47,Male,Married,Massachusetts,112964.96254018087,685,Employed,65,11,90,2,1,5000.0,3.0,2025-01-12,-11.0,78.58089562628066,18.526177791988253,1,4,"Small scratch, almost no damage",-0.15785484758476748,1
1,1,Auto,120.0,50000.0,500.0,2023-01-10,,Active,Alice,Chen,32,Female,Single,New York,78157.88168589988,717,Employed,75,22,45,2,2,4700.0,3.0,2024-06-10,205.0,75.35491691569366,24.21949384312523,0,4,Theft incident reported in neighborhood,-0.03255320009574362,0
2,2,Home,95.0,350000.0,1000.0,2022-05-01,,Active,Bob,Martinez,45,Male,Married,California,120475.91396758394,683,Employed,82,18,30,1,1,12000.0,5.0,2024-05-18,228.0,70.00667416497035,24.205621478578458,0,2,Car vandalized overnight,-0.03169727049467093,1
3,3,Auto,140.0,60000.0,750.0,2023-03-15,,Active,Carol,Wong,29,Female,Single,Texas,72001.94243104842,654,Self-Employed,60,5,120,3,1,8000.0,4.0,2024-03-21,286.0,78.97644036230612,28.451773629396204,0,2,Windshield cracked by falling debris,0.02637685793400075,1
4,4,Life,200.0,250000.0,0.0,2020-07-20,,Active,Daniel,Kim,52,Male,Married,Illinois,135609.68344903702,769,Employed,88,25,20,1,0,0.0,1.0,,9999.0,95.25642399684746,15.520318532053214,0,1,Minor accident but resolved quickly,0.12859338480070653,1
5,5,Auto,110.0,45000.0,500.0,2022-11-11,,Active,Eva,Lopez,40,Female,Married,Florida,87594.4110177131,723,Employed,69,10,75,2,1,2200.0,2.0,2024-09-01,122.0,67.8527952775941,16.650493004921803,0,2,Water leak caused interior damage,0.08428327124460089,0
6,6,Auto,175.0,40000.0,1000.0,2023-02-01,,Active,Frank,Ng,37,Male,Single,Washington,71613.54257254081,638,Unemployed,40,2,180,4,0,0.0,1.0,,9999.0,65.65802286239959,23.626274824554166,0,5,Severe collision with significant damage,0.39208501918154687,0
7,7,Home,130.0,500000.0,1500.0,2021-09-12,,Active,Grace,Patel,50,Female,Widowed,New Jersey,103264.61089152549,765,Employed,95,30,15,1,1,9000.0,4.0,2024-11-30,32.0,90.74898990637602,20.923013277993455,0,2,Car vandalized overnight,-0.05222871099283578,0
8,8,Auto,105.0,30000.0,500.0,2023-05-01,,Active,Henry,Smith,28,Male,Single,Nevada,61886.82916610791,621,Student,55,8,200,3,0,0.0,1.0,,9999.0,80.00315802718903,28.885483995571644,0,4,Water leak caused interior damage,-0.08684082042720129,0
9,9,Health,220.0,1000000.0,100.0,2019-10-01,,Active,Isabella,Rossi,34,Female,Married,Colorado,78858.04279605468,726,Employed,78,17,40,2,1,1500.0,2.0,2024-04-03,273.0,58.082333946081896,21.551855546872734,0,4,Severe collision with significant damage,0.37108807038283675,1
10,10,Auto,150.0,55000.0,750.0,2023-01-30,,Active,Jason,Liu,47,Male,Married,Massachusetts,114261.1698753838,704,Employed,65,11,90,2,1,5000.0,3.0,2025-01-12,-11.0,76.4481122765429,18.526177791988253,1,4,"Small scratch, almost no damage",-0.2544561564766617,1
1,1,Auto,120.0,50000.0,500.0,2023-01-10,,Active,Alice,Chen,32,Female,Single,New York,88415.9911459796,734,Employed,75,22,45,2,2,4700.0,3.0,2024-06-10,205.0,75.55761685451077,24.21949384312523,0,4,Theft incident reported in neighborhood,0.015688296165419377,0
2,2,Home,95.0,350000.0,1000.0,2022-05-01,,Active,Bob,Martinez,45,Male,Married,California,127154.37542930184,670,Employed,82,18,30,1,1,12000.0,5.0,2024-05-18,228.0,66.16534092282852,24.205621478578458,0,2,Car vandalized overnight,0.060534528687795144,1
3,3,Auto,140.0,60000.0,750.0,2023-03-15,,Active,Carol,Wong,29,Female,Single,Texas,70267.57628314834,666,Self-Employed,60,5,120,3,1,8000.0,4.0,2024-03-21,286.0,81.9145956077002,28.451773629396204,0,2,Windshield cracked by falling debris,0.05395566519969637,1
4,4,Life,200.0,250000.0,0.0,2020-07-20,,Active,Daniel,Kim,52,Male,Married,Illinois,134341.99826335238,759,Employed,88,25,20,1,0,0.0,1.0,,9999.0,85.13363989044832,15.520318532053214,0,1,Minor accident but resolved quickly,0.11272161504984503,1
5,5,Auto,110.0,45000.0,500.0,2022-11-11,,Active,Eva,Lopez,40,Female,Married,Florida,89428.0362611699,727,Employed,69,10,75,2,1,2200.0,2.0,2024-09-01,122.0,69.01263398141812,16.650493004921803,0,2,Water leak caused interior damage,-0.06469097009022107,1
6,6,Auto,175.0,40000.0,1000.0,2023-02-01,,Active,Frank,Ng,37,Male,Single,Washington,67261.71921799581,670,Unemployed,40,2,180,4,0,0.0,1.0,,9999.0,66.59892851723491,23.626274824554166,0,5,Severe collision with significant damage,0.31329394324954646,0
7,7,Home,130.0,500000.0,1500.0,2021-09-12,,Active,Grace,Patel,50,Female,Widowed,New Jersey,100602.63617393312,783,Employed,95,30,15,1,1,9000.0,4.0,2024-11-30,32.0,89.38133380867583,20.923013277993455,0,2,Car vandalized overnight,-0.03684008526606893,0
8,8,Auto,105.0,30000.0,500.0,2023-05-01,,Active,Henry,Smith,28,Male,Single,Nevada,59937.14024059021,578,Student,55,8,200,3,0,0.0,1.0,,9999.0,80.85636191401838,28.885483995571644,0,4,Water leak caused interior damage,-0.01833657740195096,1
9,9,Health,220.0,1000000.0,100.0,2019-10-01,,Active,Isabella,Rossi,34,Female,Married,Colorado,74679.70373794086,745,Employed,78,17,40,2,1,1500.0,2.0,2024-04-03,273.0,59.136009833216576,21.551855546872734,0,4,Severe collision with significant damage,0.3902531069482583,1
10,10,Auto,150.0,55000.0,750.0,2023-01-30,,Active,Jason,Liu,47,Male,Married,Massachusetts,109898.84949771549,723,Employed,65,11,90,2,1,5000.0,3.0,2025-01-12,-11.0,77.27736408997072,18.526177791988253,1,4,"Small scratch, almost no damage",-0.290048379844799,0
1,1,Auto,120.0,50000.0,500.0,2023-01-10,,Active,Alice,Chen,32,Female,Single,New York,90372.67284918712,716,Employed,75,22,45,2,2,4700.0,3.0,2024-06-10,205.0,85.11635979498762,24.21949384312523,0,4,Theft incident reported in neighborhood,0.014019598555665716,0
2,2,Home,95.0,350000.0,1000.0,2022-05-01,,Active,Bob,Martinez,45,Male,Married,California,117061.8094002099,690,Employed,82,18,30,1,1,12000.0,5.0,2024-05-18,228.0,62.113775002430884,24.205621478578458,0,2,Car vandalized overnight,0.018102007292952596,0
3,3,Auto,140.0,60000.0,750.0,2023-03-15,,Active,Carol,Wong,29,Female,Single,Texas,64160.421471544374,633,Self-Employed,60,5,120,3,1,8000.0,4.0,2024-03-21,286.0,77.5418306023463,28.451773629396204,0,2,Windshield cracked by falling debris,0.007167194129794469,1
4,4,Life,200.0,250000.0,0.0,2020-07-20,,Active,Daniel,Kim,52,Male,Married,Illinois,139419.7128738006,784,Employed,88,25,20,1,0,0.0,1.0,,9999.0,92.76931557619159,15.520318532053214,0,1,Minor accident but resolved quickly,0.0852355168160319,0
5,5,Auto,110.0,45000.0,500.0,2022-11-11,,Active,Eva,Lopez,40,Female,Married,Florida,92536.96118505715,729,Employed,69,10,75,2,1,2200.0,2.0,2024-09-01,122.0,68.39663649513435,16.650493004921803,0,2,Water leak caused interior damage,0.0233913362617979,1
6,6,Auto,175.0,40000.0,1000.0,2023-02-01,,Active,Frank,Ng,37,Male,Single,Washington,87244.38085751304,650,Unemployed,40,2,180,4,0,0.0,1.0,,9999.0,69.94222432507397,23.626274824554166,0,5,Severe collision with significant damage,0.47906348143833616,0
7,7,Home,130.0,500000.0,1500.0,2021-09-12,,Active,Grace,Patel,50,Female,Widowed,New Jersey,94725.71935696754,817,Employed,95,30,15,1,1,9000.0,4.0,2024-11-30,32.0,79.44788974171824,20.923013277993455,0,2,Car vandalized overnight,0.01229484134564523,0
8,8,Auto,105.0,30000.0,500.0,2023-05-01,,Active,Henry,Smith,28,Male,Single,Nevada,62881.54896815278,610,Student,55,8,200,3,0,0.0,1.0,,9999.0,81.60221424835471,28.885483995571644,0,4,Water leak caused interior damage,-0.14765375503256348,0
9,9,Health,220.0,1000000.0,100.0,2019-10-01,,Active,Isabella,Rossi,34,Female,Married,Colorado,81263.56362860926,706,Employed,78,17,40,2,1,1500.0,2.0,2024-04-03,273.0,61.31955454384619,21.551855546872734,0,4,Severe collision with significant damage,0.4370439786023451,1
10,10,Auto,150.0,55000.0,750.0,2023-01-30,,Active,Jason,Liu,47,Male,Married,Massachusetts,110237.12513621278,692,Employed,65,11,90,2,1,5000.0,3.0,2025-01-12,-11.0,77.75022966136417,18.526177791988253,1,4,"Small scratch, almost no damage",-0.2851373888349693,0
1,1,Auto,120.0,50000.0,500.0,2023-01-10,,Active,Alice,Chen,32,Female,Single,New York,88642.04887397867,684,Employed,75,22,45,2,2,4700.0,3.0,2024-06-10,205.0,75.84283091249684,24.21949384312523,0,4,Theft incident reported in neighborhood,0.11328563452478463,0
2,2,Home,95.0,350000.0,1000.0,2022-05-01,,Active,Bob,Martinez,45,Male,Married,California,119881.09856925043,683,Employed,82,18,30,1,1,12000.0,5.0,2024-05-18,228.0,77.45416050259232,24.205621478578458,0,2,Car vandalized overnight,0.005818172568298021,1
3,3,Auto,140.0,60000.0,750.0,2023-03-15,,Active,Carol,Wong,29,Female,Single,Texas,60254.4951600616,674,Self-Employed,60,5,120,3,1,8000.0,4.0,2024-03-21,286.0,79.95904375227181,28.451773629396204,0,2,Windshield cracked by falling debris,-0.08423503469929128,1
4,4,Life,200.0,250000.0,0.0,2020-07-20,,Active,Daniel,Kim,52,Male,Married,Illinois,131610.5698875494,784,Employed,88,25,20,1,0,0.0,1.0,,9999.0,87.82586295984515,15.520318532053214,0,1,Minor accident but resolved quickly,0.03843179216872904,0
5,5,Auto,110.0,45000.0,500.0,2022-11-11,,Active,Eva,Lopez,40,Female,Married,Florida,95457.73378928128,712,Employed,69,10,75,2,1,2200.0,2.0,2024-09-01,122.0,61.15138846630575,16.650493004921803,0,2,Water leak caused interior damage,0.07698703813379393,1
6,6,Auto,175.0,40000.0,1000.0,2023-02-01,,Active,Frank,Ng,37,Male,Single,Washington,79688.1156152176,667,Unemployed,40,2,180,4,0,0.0,1.0,,9999.0,67.67494412400943,23.626274824554166,0,5,Severe collision with significant damage,0.4302952492958636,1
7,7,Home,130.0,500000.0,1500.0,2021-09-12,,Active,Grace,Patel,50,Female,Widowed,New Jersey,98507.52324139855,766,Employed,95,30,15,1,1,9000.0,4.0,2024-11-30,32.0,92.24346929947599,20.923013277993455,0,2,Car vandalized overnight,0.11130094428833451,1
8,8,Auto,105.0,30000.0,500.0,2023-05-01,,Active,Henry,Smith,28,Male,Single,Nevada,62014.388256579274,628,Student,55,8,200,3,0,0.0,1.0,,9999.0,78.88700918255802,28.885483995571644,0,4,Water leak caused interior damage,0.0005462242786777678,0
9,9,Health,220.0,1000000.0,100.0,2019-10-01,,Active,Isabella,Rossi,34,Female,Married,Colorado,91135.75218595934,731,Employed,78,17,40,2,1,1500.0,2.0,2024-04-03,273.0,62.343681929030815,21.551855546872734,0,4,Severe collision with significant damage,0.372173505831016,1
10,10,Auto,150.0,55000.0,750.0,2023-01-30,,Active,Jason,Liu,47,Male,Married,Massachusetts,109875.25280733262,695,Employed,65,11,90,2,1,5000.0,3.0,2025-01-12,-11.0,74.2203738676463,18.526177791988253,1,4,"Small scratch, almost no damage",-0.26913593960792787,1
1,1,Auto,120.0,50000.0,500.0,2023-01-10,,Active,Alice,Chen,32,Female,Single,New York,84953.66672087203,702,Employed,75,22,45,2,2,4700.0,3.0,2024-06-10,205.0,78.10113557795607,24.21949384312523,0,4,Theft incident reported in neighborhood,-0.03291451206296104,0
2,2,Home,95.0,350000.0,1000.0,2022-05-01,,Active,Bob,Martinez,45,Male,Married,California,120762.3948204581,683,Employed,82,18,30,1,1,12000.0,5.0,2024-05-18,228.0,71.37838014318241,24.205621478578458,0,2,Car vandalized overnight,-0.019621477722890784,1
3,3,Auto,140.0,60000.0,750.0,2023-03-15,,Active,Carol,Wong,29,Female,Single,Texas,70427.9028382745,630,Self-Employed,60,5,120,3,1,8000.0,4.0,2024-03-21,286.0,83.21710291849278,28.451773629396204,0,2,Windshield cracked by falling debris,0.010873166616201475,1
4,4,Life,200.0,250000.0,0.0,2020-07-20,,Active,Daniel,Kim,52,Male,Married,Illinois,133604.395268909,779,Employed,88,25,20,1,0,0.0,1.0,,9999.0,84.29635870405487,15.520318532053214,0,1,Minor accident but resolved quickly,0.09947162732106157,1
5,5,Auto,110.0,45000.0,500.0,2022-11-11,,Active,Eva,Lopez,40,Female,Married,Florida,92424.51745239634,715,Employed,69,10,75,2,1,2200.0,2.0,2024-09-01,122.0,69.29406973699042,16.650493004921803,0,2,Water leak caused interior damage,-0.08346446734369918,0
6,6,Auto,175.0,40000.0,1000.0,2023-02-01,,Active,Frank,Ng,37,Male,Single,Washington,67223.0816250016,624,Unemployed,40,2,180,4,0,0.0,1.0,,9999.0,66.70354069893837,23.626274824554166,0,5,Severe collision with significant damage,0.3829938317007089,1
7,7,Home,130.0,500000.0,1500.0,2021-09-12,,Active,Grace,Patel,50,Female,Widowed,New Jersey,101345.59505514501,800,Employed,95,30,15,1,1,9000.0,4.0,2024-11-30,32.0,88.58161696755558,20.923013277993455,0,2,Car vandalized overnight,-0.043309779934671604,0
8,8,Auto,105.0,30000.0,500.0,2023-05-01,,Active,Henry,Smith,28,Male,Single,Nevada,60202.51924366067,614,Student,55,8,200,3,0,0.0,1.0,,9999.0,80.81652016597091,28.885483995571644,0,4,Water leak caused interior damage,-0.16197188624700345,1
9,9,Health,220.0,1000000.0,100.0,2019-10-01,,Active,Isabella,Rossi,34,Female,Married,Colorado,79130.1720923839,730,Employed,78,17,40,2,1,1500.0,2.0,2024-04-03,273.0,65.99693238328037,21.551855546872734,0,4,Severe collision with significant damage,0.4026283695328505,0
10,10,Auto,150.0,55000.0,750.0,2023-01-30,,Active,Jason,Liu,47,Male,Married,Massachusetts,108098.9706063981,701,Employed,65,11,90,2,1,5000.0,3.0,2025-01-12,-11.0,78.62579294619788,18.526177791988253,1,4,"Small scratch, almost no damage",-0.3054029519058514,1
1,1,Auto,120.0,50000.0,500.0,2023-01-10,,Active,Alice,Chen,32,Female,Single,New York,82562.50649646235,708,Employed,75,22,45,2,2,4700.0,3.0,2024-06-10,205.0,71.73068506735156,24.21949384312523,0,4,Theft incident reported in neighborhood,0.03308947273453674,0
2,2,Home,95.0,350000.0,1000.0,2022-05-01,,Active,Bob,Martinez,45,Male,Married,California,116745.91561215991,692,Employed,82,18,30,1,1,12000.0,5.0,2024-05-18,228.0,65.34158275727995,24.205621478578458,0,2,Car vandalized overnight,0.03189240532579907,1
3,3,Auto,140.0,60000.0,750.0,2023-03-15,,Active,Carol,Wong,29,Female,Single,Texas,58727.727007248686,640,Self-Employed,60,5,120,3,1,8000.0,4.0,2024-03-21,286.0,83.71573555927905,28.451773629396204,0,2,Windshield cracked by falling debris,0.014179500576141646,1
4,4,Life,200.0,250000.0,0.0,2020-07-20,,Active,Daniel,Kim,52,Male,Married,Illinois,133927.9265926285,803,Employed,88,25,20,1,0,0.0,1.0,,9999.0,87.39406840697295,15.520318532053214,0,1,Minor accident but resolved quickly,0.2665075586844915,1
5,5,Auto,110.0,45000.0,500.0,2022-11-11,,Active,Eva,Lopez,40,Female,Married,Florida,94385.31915816435,695,Employed,69,10,75,2,1,2200.0,2.0,2024-09-01,122.0,68.41421709539155,16.650493004921803,0,2,Water leak caused interior damage,-0.006902592498618872,0
6,6,Auto,175.0,40000.0,1000.0,2023-02-01,,Active,Frank,Ng,37,Male,Single,Washington,73658.35590371664,640,Unemployed,40,2,180,4,0,0.0,1.0,,9999.0,71.40902176478258,23.626274824554166,0,5,Severe collision with significant damage,0.3607180216250706,0
7,7,Home,130.0,500000.0,1500.0,2021-09-12,,Active,Grace,Patel,50,Female,Widowed,New Jersey,102540.45020360792,774,Employed,95,30,15,1,1,9000.0,4.0,2024-11-30,32.0,90.80432607553197,20.923013277993455,0,2,Car vandalized overnight,0.034183621070845854,0
8,8,Auto,105.0,30000.0,500.0,2023-05-01,,Active,Henry,Smith,28,Male,Single,Nevada,55679.19651983806,615,Student,55,8,200,3,0,0.0,1.0,,9999.0,81.39530727372306,28.885483995571644,0,4,Water leak caused interior damage,-0.002772368105689638,1
9,9,Health,220.0,1000000.0,100.0,2019-10-01,,Active,Isabella,Rossi,34,Female,Married,Colorado,74777.20978383564,722,Employed,78,17,40,2,1,1500.0,2.0,2024-04-03,273.0,67.94461808575561,21.551855546872734,0,4,Severe collision with significant damage,0.4330246768697005,1
10,10,Auto,150.0,55000.0,750.0,2023-01-30,,Active,Jason,Liu,47,Male,Married,Massachusetts,106996.9526277293,677,Employed,65,11,90,2,1,5000.0,3.0,2025-01-12,-11.0,68.04406547944357,18.526177791988253,1,4,"Small scratch, almost no damage",-0.3134402953787761,0
1,1,Auto,120.0,50000.0,500.0,2023-01-10,,Active,Alice,Chen,32,Female,Single,New York,80898.00052111938,712,Employed,75,22,45,2,2,4700.0,3.0,2024-06-10,205.0,74.00076921549265,24.21949384312523,0,4,Theft incident reported in neighborhood,-0.062608722373217,1
2,2,Home,95.0,350000.0,1000.0,2022-05-01,,Active,Bob,Martinez,45,Male,Married,California,115267.8415546598,697,Employed,82,18,30,1,1,12000.0,5.0,2024-05-18,228.0,70.21525157194415,24.205621478578458,0,2,Car vandalized overnight,0.03829047456631088,0
3,3,Auto,140.0,60000.0,750.0,2023-03-15,,Active,Carol,Wong,29,Female,Single,Texas,69799.09615395493,648,Self-Employed,60,5,120,3,1,8000.0,4.0,2024-03-21,286.0,83.32283968543894,28.451773629396204,0,2,Windshield cracked by falling debris,-0.05824054696693018,0
4,4,Life,200.0,250000.0,0.0,2020-07-20,,Active,Daniel,Kim,52,Male,Married,Illinois,142115.69737554385,791,Employed,88,25,20,1,0,0.0,1.0,,9999.0,88.54074051551939,15.520318532053214,0,1,Minor accident but resolved quickly,0.1721215969888024,1
5,5,Auto,110.0,45000.0,500.0,2022-11-11,,Active,Eva,Lopez,40,Female,Married,Florida,87332.22650017394,717,Employed,69,10,75,2,1,2200.0,2.0,2024-09-01,122.0,63.81129365629558,16.650493004921803,0,2,Water leak caused interior damage,0.018500142310518282,1
6,6,Auto,175.0,40000.0,1000.0,2023-02-01,,Active,Frank,Ng,37,Male,Single,Washington,68232.72697499879,606,Unemployed,40,2,180,4,0,0.0,1.0,,9999.0,63.91801231816783,23.626274824554166,0,5,Severe collision with significant damage,0.3402755856986168,1
7,7,Home,130.0,500000.0,1500.0,2021-09-12,,Active,Grace,Patel,50,Female,Widowed,New Jersey,102627.18932465592,773,Employed,95,30,15,1,1,9000.0,4.0,2024-11-30,32.0,92.485998599901,20.923013277993455,0,2,Car vandalized overnight,0.0183585080116717,1
8,8,Auto,105.0,30000.0,500.0,2023-05-01,,Active,Henry,Smith,28,Male,Single,Nevada,54256.39672250387,643,Student,55,8,200,3,0,0.0,1.0,,9999.0,78.33812242026737,28.885483995571644,0,4,Water leak caused interior damage,-0.06172962228921197,0
9,9,Health,220.0,1000000.0,100.0,2019-10-01,,Active,Isabella,Rossi,34,Female,Married,Colorado,75266.93751418233,749,Employed,78,17,40,2,1,1500.0,2.0,2024-04-03,273.0,64.33750718561923,21.551855546872734,0,4,Severe collision with significant damage,0.32500500368681495,1
10,10,Auto,150.0,55000.0,750.0,2023-01-30,,Active,Jason,Liu,47,Male,Married,Massachusetts,111979.98261676678,696,Employed,65,11,90,2,1,5000.0,3.0,2025-01-12,-11.0,78.97084129812086,18.526177791988253,1,4,"Small scratch, almost no damage",-0.2618593869206033,1
1,1,Auto,120.0,50000.0,500.0,2023-01-10,,Active,Alice,Chen,32,Female,Single,New York,84338.76154178575,705,Employed,75,22,45,2,2,4700.0,3.0,2024-06-10,205.0,64.35447510536048,24.21949384312523,0,4,Theft incident reported in neighborhood,0.0039463909536110375,1
2,2,Home,95.0,350000.0,1000.0,2022-05-01,,Active,Bob,Martinez,45,Male,Married,California,117251.29929866995,697,Employed,82,18,30,1,1,12000.0,5.0,2024-05-18,228.0,76.34229843197811,24.205621478578458,0,2,Car vandalized overnight,-0.015181926849392888,1
3,3,Auto,140.0,60000.0,750.0,2023-03-15,,Active,Carol,Wong,29,Female,Single,Texas,68273.40500441531,661,Self-Employed,60,5,120,3,1,8000.0,4.0,2024-03-21,286.0,74.84796711700407,28.451773629396204,0,2,Windshield cracked by falling debris,0.021655798193655547,0
4,4,Life,200.0,250000.0,0.0,2020-07-20,,Active,Daniel,Kim,52,Male,Married,Illinois,133362.36467771378,777,Employed,88,25,20,1,0,0.0,1.0,,9999.0,89.24410375479059,15.520318532053214,0,1,Minor accident but resolved quickly,0.1610899874190812,0
5,5,Auto,110.0,45000.0,500.0,2022-11-11,,Active,Eva,Lopez,40,Female,Married,Florida,97558.19062450633,714,Employed,69,10,75,2,1,2200.0,2.0,2024-09-01,122.0,60.37137144933487,16.650493004921803,0,2,Water leak caused interior damage,0.07646834041740723,1
6,6,Auto,175.0,40000.0,1000.0,2023-02-01,,Active,Frank,Ng,37,Male,Single,Washington,72296.78106311441,662,Unemployed,40,2,180,4,0,0.0,1.0,,9999.0,65.50019207498968,23.626274824554166,0,5,Severe collision with significant damage,0.3702357326427498,1
7,7,Home,130.0,500000.0,1500.0,2021-09-12,,Active,Grace,Patel,50,Female,Widowed,New Jersey,96346.34985071034,758,Employed,95,30,15,1,1,9000.0,4.0,2024-11-30,32.0,93.9293059715491,20.923013277993455,0,2,Car vandalized overnight,0.059728171559206435,0
8,8,Auto,105.0,30000.0,500.0,2023-05-01,,Active,Henry,Smith,28,Male,Single,Nevada,58179.86730404974,595,Student,55,8,200,3,0,0.0,1.0,,9999.0,71.54454803117139,28.885483995571644,0,4,Water leak caused interior damage,0.04603627564469467,1
9,9,Health,220.0,1000000.0,100.0,2019-10-01,,Active,Isabella,Rossi,34,Female,Married,Colorado,78348.95354723958,740,Employed,78,17,40,2,1,1500.0,2.0,2024-04-03,273.0,68.87110771753714,21.551855546872734,0,4,Severe collision with significant damage,0.4896988641646574,0
10,10,Auto,150.0,55000.0,750.0,2023-01-30,,Active,Jason,Liu,47,Male,Married,Massachusetts,112382.57460721729,696,Employed,65,11,90,2,1,5000.0,3.0,2025-01-12,-11.0,75.41593613810204,18.526177791988253,1,4,"Small scratch, almost no damage",-0.2563629009951137,0
1,1,Auto,120.0,50000.0,500.0,2023-01-10,,Active,Alice,Chen,32,Female,Single,New York,77033.84885387434,735,Employed,75,22,45,2,2,4700.0,3.0,2024-06-10,205.0,77.90922759701556,24.21949384312523,0,4,Theft incident reported in neighborhood,-0.021017936072649415,1
2,2,Home,95.0,350000.0,1000.0,2022-05-01,,Active,Bob,Martinez,45,Male,Married,California,121704.10346733601,698,Employed,82,18,30,1,1,12000.0,5.0,2024-05-18,228.0,70.97092603988622,24.205621478578458,0,2,Car vandalized overnight,0.06288471111218666,1
3,3,Auto,140.0,60000.0,750.0,2023-03-15,,Active,Carol,Wong,29,Female,Single,Texas,65834.85823344013,642,Self-Employed,60,5,120,3,1,8000.0,4.0,2024-03-21,286.0,79.53794845517201,28.451773629396204,0,2,Windshield cracked by falling debris,0.01927162858706311,0
4,4,Life,200.0,250000.0,0.0,2020-07-20,,Active,Daniel,Kim,52,Male,Married,Illinois,138107.29201770242,786,Employed,88,25,20,1,0,0.0,1.0,,9999.0,84.81655567037299,15.520318532053214,0,1,Minor accident but resolved quickly,0.20574962750586162,1
5,5,Auto,110.0,45000.0,500.0,2022-11-11,,Active,Eva,Lopez,40,Female,Married,Florida,89809.42515537182,693,Employed,69,10,75,2,1,2200.0,2.0,2024-09-01,122.0,65.73196291717987,16.650493004921803,0,2,Water leak caused interior damage,0.035839939899475,1
6,6,Auto,175.0,40000.0,1000.0,2023-02-01,,Active,Frank,Ng,37,Male,Single,Washington,77074.77783087111,637,Unemployed,40,2,180,4,0,0.0,1.0,,9999.0,61.34413180760657,23.626274824554166,0,5,Severe collision with significant damage,0.2696618954300252,1
7,7,Home,130.0,500000.0,1500.0,2021-09-12,,Active,Grace,Patel,50,Female,Widowed,New Jersey,98434.39275167267,777,Employed,95,30,15,1,1,9000.0,4.0,2024-11-30,32.0,90.91773911244103,20.923013277993455,0,2,Car vandalized overnight,0.018816088851559148,1
8,8,Auto,105.0,30000.0,500.0,2023-05-01,,Active,Henry,Smith,28,Male,Single,Nevada,61752.0903896867,605,Student,55,8,200,3,0,0.0,1.0,,9999.0,86.01743736589862,28.885483995571644,0,4,Water leak caused interior damage,0.015560794897574474,0
9,9,Health,220.0,1000000.0,100.0,2019-10-01,,Active,Isabella,Rossi,34,Female,Married,Colorado,86655.079157793,767,Employed,78,17,40,2,1,1500.0,2.0,2024-04-03,273.0,57.06854382207473,21.551855546872734,0,4,Severe collision with significant damage,0.38165534512319815,0
10,10,Auto,150.0,55000.0,750.0,2023-01-30,,Active,Jason,Liu,47,Male,Married,Massachusetts,107043.05427417957,662,Employed,65,11,90,2,1,5000.0,3.0,2025-01-12,-11.0,73.46413689847944,18.526177791988253,1,4,"Small scratch, almost no damage",-0.25661215270616916,0
1,1,Auto,120.0,50000.0,500.0,2023-01-10,,Active,Alice,Chen,32,Female,Single,New York,84571.2220993555,712,Employed,75,22,45,2,2,4700.0,3.0,2024-06-10,205.0,75.23346873260306,24.21949384312523,0,4,Theft incident reported in neighborhood,-0.0796071763897164,1
2,2,Home,95.0,350000.0,1000.0,2022-05-01,,Active,Bob,Martinez,45,Male,Married,California,118055.1308569875,676,Employed,82,18,30,1,1,12000.0,5.0,2024-05-18,228.0,69.0341940808,24.205621478578458,0,2,Car vandalized overnight,0.04370884586191616,1
3,3,Auto,140.0,60000.0,750.0,2023-03-15,,Active,Carol,Wong,29,Female,Single,Texas,74371.92717703785,640,Self-Employed,60,5,120,3,1,8000.0,4.0,2024-03-21,286.0,81.28896766294602,28.451773629396204,0,2,Windshield cracked by falling debris,0.01868842140467473,1
4,4,Life,200.0,250000.0,0.0,2020-07-20,,Active,Daniel,Kim,52,Male,Married,Illinois,133264.2336039598,771,Employed,88,25,20,1,0,0.0,1.0,,9999.0,87.66755835546563,15.520318532053214,0,1,Minor accident but resolved quickly,0.19676450153653788,0
5,5,Auto,110.0,45000.0,500.0,2022-11-11,,Active,Eva,Lopez,40,Female,Married,Florida,87069.23119478462,691,Employed,69,10,75,2,1,2200.0,2.0,2024-09-01,122.0,65.92632459753736,16.650493004921803,0,2,Water leak caused interior damage,-0.07693777621376266,0
6,6,Auto,175.0,40000.0,1000.0,2023-02-01,,Active,Frank,Ng,37,Male,Single,Washington,72686.89234414345,651,Unemployed,40,2,180,4,0,0.0,1.0,,9999.0,71.6028793408888,23.626274824554166,0,5,Severe collision with significant damage,0.40035672447726345,0
7,7,Home,130.0,500000.0,1500.0,2021-09-12,,Active,Grace,Patel,50,Female,Widowed,New Jersey,99457.13047072708,762,Employed,95,30,15,1,1,9000.0,4.0,2024-11-30,32.0,91.59853605434192,20.923013277993455,0,2,Car vandalized overnight,-0.011732966877328136,0
8,8,Auto,105.0,30000.0,500.0,2023-05-01,,Active,Henry,Smith,28,Male,Single,Nevada,56825.97992930956,612,Student,55,8,200,3,0,0.0,1.0,,9999.0,81.3651286526393,28.885483995571644,0,4,Water leak caused interior damage,0.007189400496276466,0
9,9,Health,220.0,1000000.0,100.0,2019-10-01,,Active,Isabella,Rossi,34,Female,Married,Colorado,78526.20004365321,724,Employed,78,17,40,2,1,1500.0,2.0,2024-04-03,273.0,64.81637021513303,21.551855546872734,0,4,Severe collision with significant damage,0.36384201829095547,1
10,10,Auto,150.0,55000.0,750.0,2023-01-30,,Active,Jason,Liu,47,Male,Married,Massachusetts,110628.80742038832,680,Employed,65,11,90,2,1,5000.0,3.0,2025-01-12,-11.0,80.44332936671101,18.526177791988253,1,4,"Small scratch, almost no damage",-0.2228196036259935,1
1,1,Auto,120.0,50000.0,500.0,2023-01-10,,Active,Alice,Chen,32,Female,Single,New York,84538.10636030507,745,Employed,75,22,45,2,2,4700.0,3.0,2024-06-10,205.0,73.33533227121373,24.21949384312523,0,4,Theft incident reported in neighborhood,-0.008143656049578988,1
2,2,Home,95.0,350000.0,1000.0,2022-05-01,,Active,Bob,Martinez,45,Male,Married,California,123326.8343079034,703,Employed,82,18,30,1,1,12000.0,5.0,2024-05-18,228.0,65.17005125720146,24.205621478578458,0,2,Car vandalized overnight,-0.05259574625278446,1
3,3,Auto,140.0,60000.0,750.0,2023-03-15,,Active,Carol,Wong,29,Female,Single,Texas,66722.5796887409,622,Self-Employed,60,5,120,3,1,8000.0,4.0,2024-03-21,286.0,80.7566664046856,28.451773629396204,0,2,Windshield cracked by falling debris,0.004321270939309555,0
4,4,Life,200.0,250000.0,0.0,2020-07-20,,Active,Daniel,Kim,52,Male,Married,Illinois,134181.53397808963,751,Employed,88,25,20,1,0,0.0,1.0,,9999.0,81.77621439990867,15.520318532053214,0,1,Minor accident but resolved quickly,0.13095793980989165,0
5,5,Auto,110.0,45000.0,500.0,2022-11-11,,Active,Eva,Lopez,40,Female,Married,Florida,91084.24699496906,725,Employed,69,10,75,2,1,2200.0,2.0,2024-09-01,122.0,67.55887754186591,16.650493004921803,0,2,Water leak caused interior damage,-0.0041696810564441755,0
6,6,Auto,175.0,40000.0,1000.0,2023-02-01,,Active,Frank,Ng,37,Male,Single,Washington,83979.22642404225,633,Unemployed,40,2,180,4,0,0.0,1.0,,9999.0,65.9241231075598,23.626274824554166,0,5,Severe collision with significant damage,0.21560942619799284,0
7,7,Home,130.0,500000.0,1500.0,2021-09-12,,Active,Grace,Patel,50,Female,Widowed,New Jersey,96849.5923585645,746,Employed,95,30,15,1,1,9000.0,4.0,2024-11-30,32.0,83.32753486347688,20.923013277993455,0,2,Car vandalized overnight,0.034131804178435275,1
8,8,Auto,105.0,30000.0,500.0,2023-05-01,,Active,Henry,Smith,28,Male,Single,Nevada,67694.49764858112,625,Student,55,8,200,3,0,0.0,1.0,,9999.0,75.48414643096984,28.885483995571644,0,4,Water leak caused interior damage,-0.015733180867339044,1
9,9,Health,220.0,1000000.0,100.0,2019-10-01,,Active,Isabella,Rossi,34,Female,Married,Colorado,75265.70732822185,732,Employed,78,17,40,2,1,1500.0,2.0,2024-04-03,273.0,63.93040299959919,21.551855546872734,0,4,Severe collision with significant damage,0.3075923212990867,1
10,10,Auto,150.0,55000.0,750.0,2023-01-30,,Active,Jason,Liu,47,Male,Married,Massachusetts,110915.88172892175,693,Employed,65,11,90,2,1,5000.0,3.0,2025-01-12,-11.0,80.64657354902766,18.526177791988253,1,4,"Small scratch, almost no damage",-0.2038718241575929,0
1,1,Auto,120.0,50000.0,500.0,2023-01-10,,Active,Alice,Chen,32,Female,Single,New York,83642.4548272872,732,Employed,75,22,45,2,2,4700.0,3.0,2024-06-10,205.0,73.34873787110355,24.21949384312523,0,4,Theft incident reported in neighborhood,0.03181828638764652,1
2,2,Home,95.0,350000.0,1000.0,2022-05-01,,Active,Bob,Martinez,45,Male,Married,California,116738.9162539123,671,Employed,82,18,30,1,1,12000.0,5.0,2024-05-18,228.0,73.19435398556575,24.205621478578458,0,2,Car vandalized overnight,-0.016366009813742814,0
3,3,Auto,140.0,60000.0,750.0,2023-03-15,,Active,Carol,Wong,29,Female,Single,Texas,70796.36952743995,626,Self-Employed,60,5,120,3,1,8000.0,4.0,2024-03-21,286.0,78.02497936743438,28.451773629396204,0,2,Windshield cracked by falling debris,-0.05760846897600094,1
4,4,Life,200.0,250000.0,0.0,2020-07-20,,Active,Daniel,Kim,52,Male,Married,Illinois,137399.586534844,803,Employed,88,25,20,1,0,0.0,1.0,,9999.0,93.51789708557618,15.520318532053214,0,1,Minor accident but resolved quickly,0.1505682034006353,0
5,5,Auto,110.0,45000.0,500.0,2022-11-11,,Active,Eva,Lopez,40,Female,Married,Florida,88075.00746470598,689,Employed,69,10,75,2,1,2200.0,2.0,2024-09-01,122.0,64.77219306819977,16.650493004921803,0,2,Water leak caused interior damage,0.006155304229380459,0
6,6,Auto,175.0,40000.0,1000.0,2023-02-01,,Active,Frank,Ng,37,Male,Single,Washington,66624.82398385975,622,Unemployed,40,2,180,4,0,0.0,1.0,,9999.0,66.99511816418837,23.626274824554166,0,5,Severe collision with significant damage,0.4212167141495891,1
7,7,Home,130.0,500000.0,1500.0,2021-09-12,,Active,Grace,Patel,50,Female,Widowed,New Jersey,98319.81014148993,755,Employed,95,30,15,1,1,9000.0,4.0,2024-11-30,32.0,90.42448819943668,20.923013277993455,0,2,Car vandalized overnight,-0.022186775743024512,1
8,8,Auto,105.0,30000.0,500.0,2023-05-01,,Active,Henry,Smith,28,Male,Single,Nevada,60556.816443827265,641,Student,55,8,200,3,0,0.0,1.0,,9999.0,78.49117489886886,28.885483995571644,0,4,Water leak caused interior damage,0.05974610674324981,0
9,9,Health,220.0,1000000.0,100.0,2019-10-01,,Active,Isabella,Rossi,34,Female,Married,Colorado,80007.25444477871,737,Employed,78,17,40,2,1,1500.0,2.0,2024-04-03,273.0,68.17840395736152,21.551855546872734,0,4,Severe collision with significant damage,0.3479873498332116,1
10,10,Auto,150.0,55000.0,750.0,2023-01-30,,Active,Jason,Liu,47,Male,Married,Massachusetts,113023.7411271666,704,Employed,65,11,90,2,1,5000.0,3.0,2025-01-12,-11.0,67.68046562187051,18.526177791988253,1,4,"Small scratch, almost no damage",-0.3172915892271211,1
1,1,Auto,120.0,50000.0,500.0,2023-01-10,,Active,Alice,Chen,32,Female,Single,New York,92734.17051771996,722,Employed,75,22,45,2,2,4700.0,3.0,2024-06-10,205.0,85.65019199129455,24.21949384312523,0,4,Theft incident reported in neighborhood,-0.056614137773864065,0
2,2,Home,95.0,350000.0,1000.0,2022-05-01,,Active,Bob,Martinez,45,Male,Married,California,121655.49934900324,681,Employed,82,18,30,1,1,12000.0,5.0,2024-05-18,228.0,71.77192681392643,24.205621478578458,0,2,Car vandalized overnight,-0.0031205769567807773,1
3,3,Auto,140.0,60000.0,750.0,2023-03-15,,Active,Carol,Wong,29,Female,Single,Texas,70271.0734710305,659,Self-Employed,60,5,120,3,1,8000.0,4.0,2024-03-21,286.0,77.07813514106824,28.451773629396204,0,2,Windshield cracked by falling debris,-0.003275725452936614,1
4,4,Life,200.0,250000.0,0.0,2020-07-20,,Active,Daniel,Kim,52,Male,Married,Illinois,135592.7269255166,757,Employed,88,25,20,1,0,0.0,1.0,,9999.0,86.06707158258692,15.520318532053214,0,1,Minor accident but resolved quickly,0.15805972370420546,1
5,5,Auto,110.0,45000.0,500.0,2022-11-11,,Active,Eva,Lopez,40,Female,Married,Florida,94689.74312956897,694,Employed,69,10,75,2,1,2200.0,2.0,2024-09-01,122.0,63.724477057525746,16.650493004921803,0,2,Water leak caused interior damage,-0.004518701555922064,1
6,6,Auto,175.0,40000.0,1000.0,2023-02-01,,Active,Frank,Ng,37,Male,Single,Washington,77125.60004384132,650,Unemployed,40,2,180,4,0,0.0,1.0,,9999.0,69.77281841328879,23.626274824554166,0,5,Severe collision with significant damage,0.42386592580321647,1
7,7,Home,130.0,500000.0,1500.0,2021-09-12,,Active,Grace,Patel,50,Female,Widowed,New Jersey,102996.42270785729,750,Employed,95,30,15,1,1,9000.0,4.0,2024-11-30,32.0,92.93048046125811,20.923013277993455,0,2,Car vandalized overnight,-0.01305470492312881,1
8,8,Auto,105.0,30000.0,500.0,2023-05-01,,Active,Henry,Smith,28,Male,Single,Nevada,67235.82731608066,608,Student,55,8,200,3,0,0.0,1.0,,9999.0,78.5591122373153,28.885483995571644,0,4,Water leak caused interior damage,-0.0998138132435708,0
9,9,Health,220.0,1000000.0,100.0,2019-10-01,,Active,Isabella,Rossi,34,Female,Married,Colorado,80907.9372048774,728,Employed,78,17,40,2,1,1500.0,2.0,2024-04-03,273.0,68.7942690206946,21.551855546872734,0,4,Severe collision with significant damage,0.3689451655767103,1
10,10,Auto,150.0,55000.0,750.0,2023-01-30,,Active,Jason,Liu,47,Male,Married,Massachusetts,108916.15095132905,683,Employed,65,11,90,2,1,5000.0,3.0,2025-01-12,-11.0,72.88168033598708,18.526177791988253,1,4,"Small scratch, almost no damage",-0.3503389343883241,0
1,1,Auto,120.0,50000.0,500.0,2023-01-10,,Active,Alice,Chen,32,Female,Single,New York,86785.15739200768,691,Employed,75,22,45,2,2,4700.0,3.0,2024-06-10,205.0,71.62532643618745,24.21949384312523,0,4,Theft incident reported in neighborhood,0.013569549049884888,1
2,2,Home,95.0,350000.0,1000.0,2022-05-01,,Active,Bob,Martinez,45,Male,Married,California,124544.96926847706,681,Employed,82,18,30,1,1,12000.0,5.0,2024-05-18,228.0,75.59419320692798,24.205621478578458,0,2,Car vandalized overnight,0.052859649949245795,1
3,3,Auto,140.0,60000.0,750.0,2023-03-15,,Active,Carol,Wong,29,Female,Single,Texas,70005.70702810433,638,Self-Employed,60,5,120,3,1,8000.0,4.0,2024-03-21,286.0,80.13669691136249,28.451773629396204,0,2,Windshield cracked by falling debris,-0.04931122431412596,1
4,4,Life,200.0,250000.0,0.0,2020-07-20,,Active,Daniel,Kim,52,Male,Married,Illinois,139242.55431528564,782,Employed,88,25,20,1,0,0.0,1.0,,9999.0,93.86375108414961,15.520318532053214,0,1,Minor accident but resolved quickly,0.2125945009862592,1
5,5,Auto,110.0,45000.0,500.0,2022-11-11,,Active,Eva,Lopez,40,Female,Married,Florida,87324.10069073326,711,Employed,69,10,75,2,1,2200.0,2.0,2024-09-01,122.0,63.77440066976919,16.650493004921803,0,2,Water leak caused interior damage,0.042141562236421556,1
6,6,Auto,175.0,40000.0,1000.0,2023-02-01,,Active,Frank,Ng,37,Male,Single,Washington,71527.66309838205,645,Unemployed,40,2,180,4,0,0.0,1.0,,9999.0,63.496254949534915,23.626274824554166,0,5,Severe collision with significant damage,0.43532400777075275,0
7,7,Home,130.0,500000.0,1500.0,2021-09-12,,Active,Grace,Patel,50,Female,Widowed,New Jersey,97819.84953861164,760,Employed,95,30,15,1,1,9000.0,4.0,2024-11-30,32.0,87.51611650825853,20.923013277993455,0,2,Car vandalized overnight,0.009478192821731554,1
8,8,Auto,105.0,30000.0,500.0,2023-05-01,,Active,Henry,Smith,28,Male,Single,Nevada,54930.47079395066,617,Student,55,8,200,3,0,0.0,1.0,,9999.0,75.91298138367887,28.885483995571644,0,4,Water leak caused interior damage,-0.04963825878759103,1
9,9,Health,220.0,1000000.0,100.0,2019-10-01,,Active,Isabella,Rossi,34,Female,Married,Colorado,80441.19831453369,707,Employed,78,17,40,2,1,1500.0,2.0,2024-04-03,273.0,67.18776820969438,21.551855546872734,0,4,Severe collision with significant damage,0.4140407713907069,1
10,10,Auto,150.0,55000.0,750.0,2023-01-30,,Active,Jason,Liu,47,Male,Married,Massachusetts,108279.89845660033,663,Employed,65,11,90,2,1,5000.0,3.0,2025-01-12,-11.0,73.5062162953258,18.526177791988253,1,4,"Small scratch, almost no damage",-0.281230045338417,0
1,1,Auto,120.0,50000.0,500.0,2023-01-10,,Active,Alice,Chen,32,Female,Single,New York,89920.84541457752,685,Employed,75,22,45,2,2,4700.0,3.0,2024-06-10,205.0,71.27389040386564,24.21949384312523,0,4,Theft incident reported in neighborhood,0.005894225305167758,1
2,2,Home,95.0,350000.0,1000.0,2022-05-01,,Active,Bob,Martinez,45,Male,Married,California,114835.10255121012,683,Employed,82,18,30,1,1,12000.0,5.0,2024-05-18,228.0,68.90889003496672,24.205621478578458,0,2,Car vandalized overnight,-0.008567549640180932,1
3,3,Auto,140.0,60000.0,750.0,2023-03-15,,Active,Carol,Wong,29,Female,Single,Texas,74219.6907065464,639,Self-Employed,60,5,120,3,1,8000.0,4.0,2024-03-21,286.0,72.61231775390746,28.451773629396204,0,2,Windshield cracked by falling debris,0.0562347928398448,0
4,4,Life,200.0,250000.0,0.0,2020-07-20,,Active,Daniel,Kim,52,Male,Married,Illinois,131075.1986590498,791,Employed,88,25,20,1,0,0.0,1.0,,9999.0,81.07850255099474,15.520318532053214,0,1,Minor accident but resolved quickly,0.17818301696283312,0
5,5,Auto,110.0,45000.0,500.0,2022-11-11,,Active,Eva,Lopez,40,Female,Married,Florida,85047.0765954066,701,Employed,69,10,75,2,1,2200.0,2.0,2024-09-01,122.0,67.72318843876508,16.650493004921803,0,2,Water leak caused interior damage,-0.004028289915618542,0
6,6,Auto,175.0,40000.0,1000.0,2023-02-01,,Active,Frank,Ng,37,Male,Single,Washington,71701.3946893957,644,Unemployed,40,2,180,4,0,0.0,1.0,,9999.0,60.193476344569,23.626274824554166,0,5,Severe collision with significant damage,0.2774196403229924,1
7,7,Home,130.0,500000.0,1500.0,2021-09-12,,Active,Grace,Patel,50,Female,Widowed,New Jersey,107805.12034294302,782,Employed,95,30,15,1,1,9000.0,4.0,2024-11-30,32.0,92.0516713712704,20.923013277993455,0,2,Car vandalized overnight,-0.031761373326460056,1
8,8,Auto,105.0,30000.0,500.0,2023-05-01,,Active,Henry,Smith,28,Male,Single,Nevada,59839.659450507985,600,Student,55,8,200,3,0,0.0,1.0,,9999.0,73.62788184482372,28.885483995571644,0,4,Water leak caused interior damage,0.03521111447422085,0
9,9,Health,220.0,1000000.0,100.0,2019-10-01,,Active,Isabella,Rossi,34,Female,Married,Colorado,82117.74204661521,734,Employed,78,17,40,2,1,1500.0,2.0,2024-04-03,273.0,55.40361222310159,21.551855546872734,0,4,Severe collision with significant damage,0.3890055130523292,1
10,10,Auto,150.0,55000.0,750.0,2023-01-30,,Active,Jason,Liu,47,Male,Married,Massachusetts,109264.43304908792,705,Employed,65,11,90,2,1,5000.0,3.0,2025-01-12,-11.0,75.3355339224684,18.526177791988253,1,4,"Small scratch, almost no damage",-0.3251610967206431,0
1,1,Auto,120.0,50000.0,500.0,2023-01-10,,Active,Alice,Chen,32,Female,Single,New York,84639.68546727917,702,Employed,75,22,45,2,2,4700.0,3.0,2024-06-10,205.0,76.53894784932073,24.21949384312523,0,4,Theft incident reported in neighborhood,-0.09032939862344447,1
2,2,Home,95.0,350000.0,1000.0,2022-05-01,,Active,Bob,Martinez,45,Male,Married,California,117976.47978706282,690,Employed,82,18,30,1,1,12000.0,5.0,2024-05-18,228.0,70.30672864067354,24.205621478578458,0,2,Car vandalized overnight,0.00977545750787283,0
3,3,Auto,140.0,60000.0,750.0,2023-03-15,,Active,Carol,Wong,29,Female,Single,Texas,68202.97583542106,640,Self-Employed,60,5,120,3,1,8000.0,4.0,2024-03-21,286.0,78.46032525327173,28.451773629396204,0,2,Windshield cracked by falling debris,-0.052852858385788806,0
4,4,Life,200.0,250000.0,0.0,2020-07-20,,Active,Daniel,Kim,52,Male,Married,Illinois,136978.39956752685,763,Employed,88,25,20,1,0,0.0,1.0,,9999.0,84.03910779242534,15.520318532053214,0,1,Minor accident but resolved quickly,0.09362684362478782,0
5,5,Auto,110.0,45000.0,500.0,2022-11-11,,Active,Eva,Lopez,40,Female,Married,Florida,96713.22203929158,687,Employed,69,10,75,2,1,2200.0,2.0,2024-09-01,122.0,70.04240422702638,16.650493004921803,0,2,Water leak caused interior damage,0.0336303864391327,0
6,6,Auto,175.0,40000.0,1000.0,2023-02-01,,Active,Frank,Ng,37,Male,Single,Washington,67502.12450056196,623,Unemployed,40,2,180,4,0,0.0,1.0,,9999.0,71.03091054252883,23.626274824554166,0,5,Severe collision with significant damage,0.4351119390207837,0
7,7,Home,130.0,500000.0,1500.0,2021-09-12,,Active,Grace,Patel,50,Female,Widowed,New Jersey,106443.28123757002,770,Employed,95,30,15,1,1,9000.0,4.0,2024-11-30,32.0,84.12750527226655,20.923013277993455,0,2,Car vandalized overnight,-0.037535101351814926,0
8,8,Auto,105.0,30000.0,500.0,2023-05-01,,Active,Henry,Smith,28,Male,Single,Nevada,62111.841708105894,586,Student,55,8,200,3,0,0.0,1.0,,9999.0,78.48519219519645,28.885483995571644,0,4,Water leak caused interior damage,-0.0022380153806086755,1
9,9,Health,220.0,1000000.0,100.0,2019-10-01,,Active,Isabella,Rossi,34,Female,Married,Colorado,78528.9488693879,722,Employed,78,17,40,2,1,1500.0,2.0,2024-04-03,273.0,63.268547260344505,21.551855546872734,0,4,Severe collision with significant damage,0.37128766670078195,0
10,10,Auto,150.0,55000.0,750.0,2023-01-30,,Active,Jason,Liu,47,Male,Married,Massachusetts,107809.10606816268,702,Employed,65,11,90,2,1,5000.0,3.0,2025-01-12,-11.0,77.39224685418371,18.526177791988253,1,4,"Small scratch, almost no damage",-0.25821020523482585,1
1,1,Auto,120.0,50000.0,500.0,2023-01-10,,Active,Alice,Chen,32,Female,Single,New York,89174.702581475,726,Employed,75,22,45,2,2,4700.0,3.0,2024-06-10,205.0,75.14087466903835,24.21949384312523,0,4,Theft incident reported in neighborhood,0.002029923807814932,1
2,2,Home,95.0,350000.0,1000.0,2022-05-01,,Active,Bob,Martinez,45,Male,Married,California,120915.91415275417,683,Employed,82,18,30,1,1,12000.0,5.0,2024-05-18,228.0,68.06931729765388,24.205621478578458,0,2,Car vandalized overnight,0.03782494639200781,0
3,3,Auto,140.0,60000.0,750.0,2023-03-15,,Active,Carol,Wong,29,Female,Single,Texas,61863.73952520429,675,Self-Employed,60,5,120,3,1,8000.0,4.0,2024-03-21,286.0,80.33952457817507,28.451773629396204,0,2,Windshield cracked by falling debris,-0.033696217336479775,0
4,4,Life,200.0,250000.0,0.0,2020-07-20,,Active,Daniel,Kim,52,Male,Married,Illinois,136452.27841334924,808,Employed,88,25,20,1,0,0.0,1.0,,9999.0,83.82094587849177,15.520318532053214,0,1,Minor accident but resolved quickly,0.06540278994086333,0
5,5,Auto,110.0,45000.0,500.0,2022-11-11,,Active,Eva,Lopez,40,Female,Married,Florida,94577.48614189873,710,Employed,69,10,75,2,1,2200.0,2.0,2024-09-01,122.0,70.13965204436326,16.650493004921803,0,2,Water leak caused interior damage,0.08450049668018803,1
6,6,Auto,175.0,40000.0,1000.0,2023-02-01,,Active,Frank,Ng,37,Male,Single,Washington,78431.45863515386,603,Unemployed,40,2,180,4,0,0.0,1.0,,9999.0,71.75488744273484,23.626274824554166,0,5,Severe collision with significant damage,0.4294710962245025,1
7,7,Home,130.0,500000.0,1500.0,2021-09-12,,Active,Grace,Patel,50,Female,Widowed,New Jersey,97492.56852184738,783,Employed,95,30,15,1,1,9000.0,4.0,2024-11-30,32.0,95.48709376004417,20.923013277993455,0,2,Car vandalized overnight,-0.0551818935624699,1
8,8,Auto,105.0,30000.0,500.0,2023-05-01,,Active,Henry,Smith,28,Male,Single,Nevada,54631.97078378657,576,Student,55,8,200,3,0,0.0,1.0,,9999.0,70.63574745328548,28.885483995571644,0,4,Water leak caused interior damage,0.006781600438797668,1
9,9,Health,220.0,1000000.0,100.0,2019-10-01,,Active,Isabella,Rossi,34,Female,Married,Colorado,78696.10743607405,752,Employed,78,17,40,2,1,1500.0,2.0,2024-04-03,273.0,63.63470074031971,21.551855546872734,0,4,Severe collision with significant damage,0.4255351082293055,0
10,10,Auto,150.0,55000.0,750.0,2023-01-30,,Active,Jason,Liu,47,Male,Married,Massachusetts,123015.94050435042,706,Employed,65,11,90,2,1,5000.0,3.0,2025-01-12,-11.0,68.65031822561723,18.526177791988253,1,4,"Small scratch, almost no damage",-0.21254780277369803,1
1,1,Auto,120.0,50000.0,500.0,2023-01-10,,Active,Alice,Chen,32,Female,Single,New York,78820.00420561201,746,Employed,75,22,45,2,2,4700.0,3.0,2024-06-10,205.0,66.2203150770435,24.21949384312523,0,4,Theft incident reported in neighborhood,0.02310066549646424,0
2,2,Home,95.0,350000.0,1000.0,2022-05-01,,Active,Bob,Martinez,45,Male,Married,California,116629.05961405231,693,Employed,82,18,30,1,1,12000.0,5.0,2024-05-18,228.0,68.91720057637569,24.205621478578458,0,2,Car vandalized overnight,-0.008511344579587188,0
3,3,Auto,140.0,60000.0,750.0,2023-03-15,,Active,Carol,Wong,29,Female,Single,Texas,69568.16755893038,645,Self-Employed,60,5,120,3,1,8000.0,4.0,2024-03-21,286.0,76.17565528580687,28.451773629396204,0,2,Windshield cracked by falling debris,0.0863651962530979,1
4,4,Life,200.0,250000.0,0.0,2020-07-20,,Active,Daniel,Kim,52,Male,Married,Illinois,134501.89900962525,774,Employed,88,25,20,1,0,0.0,1.0,,9999.0,89.47576208397929,15.520318532053214,0,1,Minor accident but resolved quickly,0.15270961028963967,1
5,5,Auto,110.0,45000.0,500.0,2022-11-11,,Active,Eva,Lopez,40,Female,Married,Florida,89199.18041707572,702,Employed,69,10,75,2,1,2200.0,2.0,2024-09-01,122.0,69.13467026366922,16.650493004921803,0,2,Water leak caused interior damage,-0.025747962966034516,1
6,6,Auto,175.0,40000.0,1000.0,2023-02-01,,Active,Frank,Ng,37,Male,Single,Washington,83098.88399200403,654,Unemployed,40,2,180,4,0,0.0,1.0,,9999.0,72.18194034904153,23.626274824554166,0,5,Severe collision with significant damage,0.41855378644227975,1
7,7,Home,130.0,500000.0,1500.0,2021-09-12,,Active,Grace,Patel,50,Female,Widowed,New Jersey,96586.96023184809,780,Employed,95,30,15,1,1,9000.0,4.0,2024-11-30,32.0,89.16623548731182,20.923013277993455,0,2,Car vandalized overnight,0.004802932097571021,0
8,8,Auto,105.0,30000.0,500.0,2023-05-01,,Active,Henry,Smith,28,Male,Single,Nevada,59942.87780917962,611,Student,55,8,200,3,0,0.0,1.0,,9999.0,90.90263921911126,28.885483995571644,0,4,Water leak caused interior damage,0.017489886362681117,1
9,9,Health,220.0,1000000.0,100.0,2019-10-01,,Active,Isabella,Rossi,34,Female,Married,Colorado,80807.62976721118,720,Employed,78,17,40,2,1,1500.0,2.0,2024-04-03,273.0,65.59194678872143,21.551855546872734,0,4,Severe collision with significant damage,0.38515746007956037,0
10,10,Auto,150.0,55000.0,750.0,2023-01-30,,Active,Jason,Liu,47,Male,Married,Massachusetts,106781.05325969802,729,Employed,65,11,90,2,1,5000.0,3.0,2025-01-12,-11.0,83.88063670130043,18.526177791988253,1,4,"Small scratch, almost no damage",-0.2251612213116545,1
1,1,Auto,120.0,50000.0,500.0,2023-01-10,,Active,Alice,Chen,32,Female,Single,New York,79237.38904477273,733,Employed,75,22,45,2,2,4700.0,3.0,2024-06-10,205.0,66.6292186340378,24.21949384312523,0,4,Theft incident reported in neighborhood,-0.04892281266996035,1
2,2,Home,95.0,350000.0,1000.0,2022-05-01,,Active,Bob,Martinez,45,Male,Married,California,121077.27061701016,667,Employed,82,18,30,1,1,12000.0,5.0,2024-05-18,228.0,73.73978650414828,24.205621478578458,0,2,Car vandalized overnight,-0.07255531935850042,1
3,3,Auto,140.0,60000.0,750.0,2023-03-15,,Active,Carol,Wong,29,Female,Single,Texas,75254.66630351562,643,Self-Employed,60,5,120,3,1,8000.0,4.0,2024-03-21,286.0,77.04922049802607,28.451773629396204,0,2,Windshield cracked by falling debris,0.0717066361616792,1
4,4,Life,200.0,250000.0,0.0,2020-07-20,,Active,Daniel,Kim,52,Male,Married,Illinois,136618.3315804701,793,Employed,88,25,20,1,0,0.0,1.0,,9999.0,80.48296923918721,15.520318532053214,0,1,Minor accident but resolved quickly,0.1541458947561251,1
5,5,Auto,110.0,45000.0,500.0,2022-11-11,,Active,Eva,Lopez,40,Female,Married,Florida,90360.29034792664,699,Employed,69,10,75,2,1,2200.0,2.0,2024-09-01,122.0,68.87233994023244,16.650493004921803,0,2,Water leak caused interior damage,0.03854236387042895,1
6,6,Auto,175.0,40000.0,1000.0,2023-02-01,,Active,Frank,Ng,37,Male,Single,Washington,75330.92174320192,645,Unemployed,40,2,180,4,0,0.0,1.0,,9999.0,65.97853436467257,23.626274824554166,0,5,Severe collision with significant damage,0.2870120389911187,0
7,7,Home,130.0,500000.0,1500.0,2021-09-12,,Active,Grace,Patel,50,Female,Widowed,New Jersey,98966.32905673026,784,Employed,95,30,15,1,1,9000.0,4.0,2024-11-30,32.0,91.27076677988127,20.923013277993455,0,2,Car vandalized overnight,0.053334155435725145,0
8,8,Auto,105.0,30000.0,500.0,2023-05-01,,Active,Henry,Smith,28,Male,Single,Nevada,64733.92928056401,560,Student,55,8,200,3,0,0.0,1.0,,9999.0,83.25352258003922,28.885483995571644,0,4,Water leak caused interior damage,-0.02607428226778838,1
9,9,Health,220.0,1000000.0,100.0,2019-10-01,,Active,Isabella,Rossi,34,Female,Married,Colorado,77978.23090483254,729,Employed,78,17,40,2,1,1500.0,2.0,2024-04-03,273.0,58.4097069017342,21.551855546872734,0,4,Severe collision with significant damage,0.33468909165954774,1
10,10,Auto,150.0,55000.0,750.0,2023-01-30,,Active,Jason,Liu,47,Male,Married,Massachusetts,104572.85806232574,689,Employed,65,11,90,2,1,5000.0,3.0,2025-01-12,-11.0,80.57039645285221,18.526177791988253,1,4,"Small scratch, almost no damage",-0.2531686583815993,1
1,1,Auto,120.0,50000.0,500.0,2023-01-10,,Active,Alice,Chen,32,Female,Single,New York,78673.38429754182,714,Employed,75,22,45,2,2,4700.0,3.0,2024-06-10,205.0,75.98648777301766,24.21949384312523,0,4,Theft incident reported in neighborhood,-0.048899010527126245,1
2,2,Home,95.0,350000.0,1000.0,2022-05-01,,Active,Bob,Martinez,45,Male,Married,California,120316.03605697623,694,Employed,82,18,30,1,1,12000.0,5.0,2024-05-18,228.0,73.75219308471887,24.205621478578458,0,2,Car vandalized overnight,-8.658491128034794e-05,1
3,3,Auto,140.0,60000.0,750.0,2023-03-15,,Active,Carol,Wong,29,Female,Single,Texas,72242.7698527212,659,Self-Employed,60,5,120,3,1,8000.0,4.0,2024-03-21,286.0,76.95166954121684,28.451773629396204,0,2,Windshield cracked by falling debris,-0.006816917350724327,1
4,4,Life,200.0,250000.0,0.0,2020-07-20,,Active,Daniel,Kim,52,Male,Married,Illinois,135949.94100648776,782,Employed,88,25,20,1,0,0.0,1.0,,9999.0,86.39472270677062,15.520318532053214,0,1,Minor accident but resolved quickly,0.1946864619283608,1
5,5,Auto,110.0,45000.0,500.0,2022-11-11,,Active,Eva,Lopez,40,Female,Married,Florida,88730.52485891743,705,Employed,69,10,75,2,1,2200.0,2.0,2024-09-01,122.0,67.29837566607577,16.650493004921803,0,2,Water leak caused interior damage,0.07566722510697349,1
6,6,Auto,175.0,40000.0,1000.0,2023-02-01,,Active,Frank,Ng,37,Male,Single,Washington,76833.76518624791,649,Unemployed,40,2,180,4,0,0.0,1.0,,9999.0,67.59779934212925,23.626274824554166,0,5,Severe collision with significant damage,0.44907578964207917,1
7,7,Home,130.0,500000.0,1500.0,2021-09-12,,Active,Grace,Patel,50,Female,Widowed,New Jersey,100744.8493755785,770,Employed,95,30,15,1,1,9000.0,4.0,2024-11-30,32.0,86.29941458012176,20.923013277993455,0,2,Car vandalized overnight,-0.11322574896980582,1
8,8,Auto,105.0,30000.0,500.0,2023-05-01,,Active,Henry,Smith,28,Male,Single,Nevada,63304.76189461706,607,Student,55,8,200,3,0,0.0,1.0,,9999.0,77.22399782601377,28.885483995571644,0,4,Water leak caused interior damage,-0.04675834149216426,0
9,9,Health,220.0,1000000.0,100.0,2019-10-01,,Active,Isabella,Rossi,34,Female,Married,Colorado,85306.0155497471,711,Employed,78,17,40,2,1,1500.0,2.0,2024-04-03,273.0,59.458805230725424,21.551855546872734,0,4,Severe collision with significant damage,0.2612556618088819,1
10,10,Auto,150.0,55000.0,750.0,2023-01-30,,Active,Jason,Liu,47,Male,Married,Massachusetts,106182.43948570802,667,Employed,65,11,90,2,1,5000.0,3.0,2025-01-12,-11.0,74.7721401638708,18.526177791988253,1,4,"Small scratch, almost no damage",-0.30967711372175155,1
1,1,Auto,120.0,50000.0,500.0,2023-01-10,,Active,Alice,Chen,32,Female,Single,New York,75641.61374542641,701,Employed,75,22,45,2,2,4700.0,3.0,2024-06-10,205.0,78.66581007612511,24.21949384312523,0,4,Theft incident reported in neighborhood,-0.032475910545191576,0
2,2,Home,95.0,350000.0,1000.0,2022-05-01,,Active,Bob,Martinez,45,Male,Married,California,118593.8528055182,694,Employed,82,18,30,1,1,12000.0,5.0,2024-05-18,228.0,67.79141169032121,24.205621478578458,0,2,Car vandalized overnight,0.02052808076134718,0
3,3,Auto,140.0,60000.0,750.0,2023-03-15,,Active,Carol,Wong,29,Female,Single,Texas,63922.63413103971,649,Self-Employed,60,5,120,3,1,8000.0,4.0,2024-03-21,286.0,81.80852364139763,28.451773629396204,0,2,Windshield cracked by falling debris,-0.02599666172462702,0
4,4,Life,200.0,250000.0,0.0,2020-07-20,,Active,Daniel,Kim,52,Male,Married,Illinois,138327.83274629805,758,Employed,88,25,20,1,0,0.0,1.0,,9999.0,87.53464040628401,15.520318532053214,0,1,Minor accident but resolved quickly,0.11706316311923437,1
5,5,Auto,110.0,45000.0,500.0,2022-11-11,,Active,Eva,Lopez,40,Female,Married,Florida,87102.6648186116,719,Employed,69,10,75,2,1,2200.0,2.0,2024-09-01,122.0,61.4640875124267,16.650493004921803,0,2,Water leak caused interior damage,0.00908823415998816,1
6,6,Auto,175.0,40000.0,1000.0,2023-02-01,,Active,Frank,Ng,37,Male,Single,Washington,67496.88544574422,660,Unemployed,40,2,180,4,0,0.0,1.0,,9999.0,69.57945606683617,23.626274824554166,0,5,Severe collision with significant damage,0.2895345177396095,0
7,7,Home,130.0,500000.0,1500.0,2021-09-12,,Active,Grace,Patel,50,Female,Widowed,New Jersey,97703.19420476929,762,Employed,95,30,15,1,1,9000.0,4.0,2024-11-30,32.0,86.2560612219551,20.923013277993455,0,2,Car vandalized overnight,-0.04192965764819319,0
8,8,Auto,105.0,30000.0,500.0,2023-05-01,,Active,Henry,Smith,28,Male,Single,Nevada,54032.1026981646,584,Student,55,8,200,3,0,0.0,1.0,,9999.0,78.27574759478077,28.885483995571644,0,4,Water leak caused interior damage,-0.025177831290868632,1
9,9,Health,220.0,1000000.0,100.0,2019-10-01,,Active,Isabella,Rossi,34,Female,Married,Colorado,86360.6308760434,720,Employed,78,17,40,2,1,1500.0,2.0,2024-04-03,273.0,69.31659555871705,21.551855546872734,0,4,Severe collision with significant damage,0.3648799005684328,1
10,10,Auto,150.0,55000.0,750.0,2023-01-30,,Active,Jason,Liu,47,Male,Married,Massachusetts,111886.56781779228,702,Employed,65,11,90,2,1,5000.0,3.0,2025-01-12,-11.0,71.86723868414552,18.526177791988253,1,4,"Small scratch, almost no damage",-0.24615230048872275,0
1,1,Auto,120.0,50000.0,500.0,2023-01-10,,Active,Alice,Chen,32,Female,Single,New York,87590.23243605485,728,Employed,75,22,45,2,2,4700.0,3.0,2024-06-10,205.0,76.61954498599233,24.21949384312523,0,4,Theft incident reported in neighborhood,0.07503248948665209,1
2,2,Home,95.0,350000.0,1000.0,2022-05-01,,Active,Bob,Martinez,45,Male,Married,California,122144.10613961943,677,Employed,82,18,30,1,1,12000.0,5.0,2024-05-18,228.0,68.17875498580261,24.205621478578458,0,2,Car vandalized overnight,0.045416808054054736,1
3,3,Auto,140.0,60000.0,750.0,2023-03-15,,Active,Carol,Wong,29,Female,Single,Texas,71360.6846371137,672,Self-Employed,60,5,120,3,1,8000.0,4.0,2024-03-21,286.0,80.57596531895672,28.451773629396204,0,2,Windshield cracked by falling debris,-0.03846550122459674,1
4,4,Life,200.0,250000.0,0.0,2020-07-20,,Active,Daniel,Kim,52,Male,Married,Illinois,139533.3681002763,800,Employed,88,25,20,1,0,0.0,1.0,,9999.0,91.69697173882439,15.520318532053214,0,1,Minor accident but resolved quickly,0.12860021369409327,0
5,5,Auto,110.0,45000.0,500.0,2022-11-11,,Active,Eva,Lopez,40,Female,Married,Florida,87841.01856270162,700,Employed,69,10,75,2,1,2200.0,2.0,2024-09-01,122.0,68.24551552031554,16.650493004921803,0,2,Water leak caused interior damage,-0.016471956854606173,1
6,6,Auto,175.0,40000.0,1000.0,2023-02-01,,Active,Frank,Ng,37,Male,Single,Washington,69320.15346803324,629,Unemployed,40,2,180,4,0,0.0,1.0,,9999.0,65.74885793028824,23.626274824554166,0,5,Severe collision with significant damage,0.3492923741739628,0
7,7,Home,130.0,500000.0,1500.0,2021-09-12,,Active,Grace,Patel,50,Female,Widowed,New Jersey,96612.26505100935,762,Employed,95,30,15,1,1,9000.0,4.0,2024-11-30,32.0,90.84404380219254,20.923013277993455,0,2,Car vandalized overnight,0.013625791291045495,0
8,8,Auto,105.0,30000.0,500.0,2023-05-01,,Active,Henry,Smith,28,Male,Single,Nevada,59819.00150504272,603,Student,55,8,200,3,0,0.0,1.0,,9999.0,84.55184033841316,28.885483995571644,0,4,Water leak caused interior damage,-0.09298897764854541,1
9,9,Health,220.0,1000000.0,100.0,2019-10-01,,Active,Isabella,Rossi,34,Female,Married,Colorado,69742.63207415723,744,Employed,78,17,40,2,1,1500.0,2.0,2024-04-03,273.0,64.25714761022178,21.551855546872734,0,4,Severe collision with significant damage,0.4190357194003242,0
10,10,Auto,150.0,55000.0,750.0,2023-01-30,,Active,Jason,Liu,47,Male,Married,Massachusetts,114570.90353317533,696,Employed,65,11,90,2,1,5000.0,3.0,2025-01-12,-11.0,75.44169606533947,18.526177791988253,1,4,"Small scratch, almost no damage",-0.1653224604642322,1
1,1,Auto,120.0,50000.0,500.0,2023-01-10,,Active,Alice,Chen,32,Female,Single,New York,77413.01111926831,733,Employed,75,22,45,2,2,4700.0,3.0,2024-06-10,205.0,77.51325086680676,24.21949384312523,0,4,Theft incident reported in neighborhood,-0.013492027033590842,1
2,2,Home,95.0,350000.0,1000.0,2022-05-01,,Active,Bob,Martinez,45,Male,Married,California,122396.37330331656,700,Employed,82,18,30,1,1,12000.0,5.0,2024-05-18,228.0,68.49573646742424,24.205621478578458,0,2,Car vandalized overnight,-0.014468221255891436,0
3,3,Auto,140.0,60000.0,750.0,2023-03-15,,Active,Carol,Wong,29,Female,Single,Texas,67327.71684317788,675,Self-Employed,60,5,120,3,1,8000.0,4.0,2024-03-21,286.0,72.42142476153711,28.451773629396204,0,2,Windshield cracked by falling debris,0.007852212360433573,0
4,4,Life,200.0,250000.0,0.0,2020-07-20,,Active,Daniel,Kim,52,Male,Married,Illinois,136140.7012985986,765,Employed,88,25,20,1,0,0.0,1.0,,9999.0,89.23368147848623,15.520318532053214,0,1,Minor accident but resolved quickly,0.19263596551467718,0
5,5,Auto,110.0,45000.0,500.0,2022-11-11,,Active,Eva,Lopez,40,Female,Married,Florida,88112.32103483944,715,Employed,69,10,75,2,1,2200.0,2.0,2024-09-01,122.0,61.803109868264904,16.650493004921803,0,2,Water leak caused interior damage,-0.016214685840862116,0
6,6,Auto,175.0,40000.0,1000.0,2023-02-01,,Active,Frank,Ng,37,Male,Single,Washington,75868.82591157226,608,Unemployed,40,2,180,4,0,0.0,1.0,,9999.0,68.68827910224363,23.626274824554166,0,5,Severe collision with significant damage,0.4216972583050868,0
7,7,Home,130.0,500000.0,1500.0,2021-09-12,,Active,Grace,Patel,50,Female,Widowed,New Jersey,98112.48990352852,751,Employed,95,30,15,1,1,9000.0,4.0,2024-11-30,32.0,85.76198288846244,20.923013277993455,0,2,Car vandalized overnight,0.024424733622662138,0
8,8,Auto,105.0,30000.0,500.0,2023-05-01,,Active,Henry,Smith,28,Male,Single,Nevada,57775.27541679204,609,Student,55,8,200,3,0,0.0,1.0,,9999.0,79.3567159665803,28.885483995571644,0,4,Water leak caused interior damage,0.11808057220023452,1
9,9,Health,220.0,1000000.0,100.0,2019-10-01,,Active,Isabella,Rossi,34,Female,Married,Colorado,76411.05467455478,736,Employed,78,17,40,2,1,1500.0,2.0,2024-04-03,273.0,65.92868299357752,21.551855546872734,0,4,Severe collision with significant damage,0.35856689924188523,0
10,10,Auto,150.0,55000.0,750.0,2023-01-30,,Active,Jason,Liu,47,Male,Married,Massachusetts,116103.31982900332,689,Employed,65,11,90,2,1,5000.0,3.0,2025-01-12,-11.0,86.32633390680587,18.526177791988253,1,4,"Small scratch, almost no damage",-0.3488000223860417,0
1,1,Auto,120.0,50000.0,500.0,2023-01-10,,Active,Alice,Chen,32,Female,Single,New York,86467.63766838789,712,Employed,75,22,45,2,2,4700.0,3.0,2024-06-10,205.0,78.93156968328249,24.21949384312523,0,4,Theft incident reported in neighborhood,-0.0716469560342757,0
2,2,Home,95.0,350000.0,1000.0,2022-05-01,,Active,Bob,Martinez,45,Male,Married,California,120837.98745052943,685,Employed,82,18,30,1,1,12000.0,5.0,2024-05-18,228.0,73.80002362491513,24.205621478578458,0,2,Car vandalized overnight,0.0005964118700078551,1
3,3,Auto,140.0,60000.0,750.0,2023-03-15,,Active,Carol,Wong,29,Female,Single,Texas,64497.75284787216,670,Self-Employed,60,5,120,3,1,8000.0,4.0,2024-03-21,286.0,85.25925373198402,28.451773629396204,0,2,Windshield cracked by falling debris,0.051394104701037585,1
4,4,Life,200.0,250000.0,0.0,2020-07-20,,Active,Daniel,Kim,52,Male,Married,Illinois,134060.60666564276,775,Employed,88,25,20,1,0,0.0,1.0,,9999.0,90.23338194489408,15.520318532053214,0,1,Minor accident but resolved quickly,0.10904120964563047,0
5,5,Auto,110.0,45000.0,500.0,2022-11-11,,Active,Eva,Lopez,40,Female,Married,Florida,86051.0831693083,736,Employed,69,10,75,2,1,2200.0,2.0,2024-09-01,122.0,68.33291870438876,16.650493004921803,0,2,Water leak caused interior damage,-0.011546622493766505,1
6,6,Auto,175.0,40000.0,1000.0,2023-02-01,,Active,Frank,Ng,37,Male,Single,Washington,73035.34588500217,651,Unemployed,40,2,180,4,0,0.0,1.0,,9999.0,62.92347208130498,23.626274824554166,0,5,Severe collision with significant damage,0.4092421368665788,0
7,7,Home,130.0,500000.0,1500.0,2021-09-12,,Active,Grace,Patel,50,Female,Widowed,New Jersey,95163.51044175605,776,Employed,95,30,15,1,1,9000.0,4.0,2024-11-30,32.0,88.48403405648713,20.923013277993455,0,2,Car vandalized overnight,-0.048261630043922886,1
8,8,Auto,105.0,30000.0,500.0,2023-05-01,,Active,Henry,Smith,28,Male,Single,Nevada,66356.5765288102,593,Student,55,8,200,3,0,0.0,1.0,,9999.0,76.31686583129147,28.885483995571644,0,4,Water leak caused interior damage,-0.030563469959740897,1
9,9,Health,220.0,1000000.0,100.0,2019-10-01,,Active,Isabella,Rossi,34,Female,Married,Colorado,76972.37563795362,744,Employed,78,17,40,2,1,1500.0,2.0,2024-04-03,273.0,62.76207196828304,21.551855546872734,0,4,Severe collision with significant damage,0.31661366561948695,0
10,10,Auto,150.0,55000.0,750.0,2023-01-30,,Active,Jason,Liu,47,Male,Married,Massachusetts,106499.68470852754,683,Employed,65,11,90,2,1,5000.0,3.0,2025-01-12,-11.0,83.99337402780145,18.526177791988253,1,4,"Small scratch, almost no damage",-0.19108859535587192,1
1,1,Auto,120.0,50000.0,500.0,2023-01-10,,Active,Alice,Chen,32,Female,Single,New York,79697.55889798964,703,Employed,75,22,45,2,2,4700.0,3.0,2024-06-10,205.0,76.41905587293475,24.21949384312523,0,4,Theft incident reported in neighborhood,0.07708364058981837,1
2,2,Home,95.0,350000.0,1000.0,2022-05-01,,Active,Bob,Martinez,45,Male,Married,California,116915.17815367314,697,Employed,82,18,30,1,1,12000.0,5.0,2024-05-18,228.0,64.83723007508135,24.205621478578458,0,2,Car vandalized overnight,-0.07897074947465302,1
3,3,Auto,140.0,60000.0,750.0,2023-03-15,,Active,Carol,Wong,29,Female,Single,Texas,66020.42628973887,630,Self-Employed,60,5,120,3,1,8000.0,4.0,2024-03-21,286.0,83.27039627597352,28.451773629396204,0,2,Windshield cracked by falling debris,-0.0071092749494111596,1
4,4,Life,200.0,250000.0,0.0,2020-07-20,,Active,Daniel,Kim,52,Male,Married,Illinois,134802.08178886722,769,Employed,88,25,20,1,0,0.0,1.0,,9999.0,92.0974601818461,15.520318532053214,0,1,Minor accident but resolved quickly,0.2120296154199139,0
5,5,Auto,110.0,45000.0,500.0,2022-11-11,,Active,Eva,Lopez,40,Female,Married,Florida,87418.71116321006,710,Employed,69,10,75,2,1,2200.0,2.0,2024-09-01,122.0,71.22077347372155,16.650493004921803,0,2,Water leak caused interior damage,0.01993475918111189,0
6,6,Auto,175.0,40000.0,1000.0,2023-02-01,,Active,Frank,Ng,37,Male,Single,Washington,68597.55596388946,673,Unemployed,40,2,180,4,0,0.0,1.0,,9999.0,59.16583570420026,23.626274824554166,0,5,Severe collision with significant damage,0.35053803835004527,0
7,7,Home,130.0,500000.0,1500.0,2021-09-12,,Active,Grace,Patel,50,Female,Widowed,New Jersey,93941.70062473505,760,Employed,95,30,15,1,1,9000.0,4.0,2024-11-30,32.0,96.74523761697465,20.923013277993455,0,2,Car vandalized overnight,-0.07730810598054494,1
8,8,Auto,105.0,30000.0,500.0,2023-05-01,,Active,Henry,Smith,28,Male,Single,Nevada,62718.638676653674,604,Student,55,8,200,3,0,0.0,1.0,,9999.0,76.97515778145936,28.885483995571644,0,4,Water leak caused interior damage,0.05764722759114321,1
9,9,Health,220.0,1000000.0,100.0,2019-10-01,,Active,Isabella,Rossi,34,Female,Married,Colorado,79508.84500336993,740,Employed,78,17,40,2,1,1500.0,2.0,2024-04-03,273.0,67.4781264599516,21.551855546872734,0,4,Severe collision with significant damage,0.3930257607472249,0
10,10,Auto,150.0,55000.0,750.0,2023-01-30,,Active,Jason,Liu,47,Male,Married,Massachusetts,112595.5729650142,672,Employed,65,11,90,2,1,5000.0,3.0,2025-01-12,-11.0,86.60591968549971,18.526177791988253,1,4,"Small scratch, almost no damage",-0.3236493193870878,1
1,1,Auto,120.0,50000.0,500.0,2023-01-10,,Active,Alice,Chen,32,Female,Single,New York,88121.10065768001,726,Employed,75,22,45,2,2,4700.0,3.0,2024-06-10,205.0,84.58190082889726,24.21949384312523,0,4,Theft incident reported in neighborhood,0.059494552693749536,1
2,2,Home,95.0,350000.0,1000.0,2022-05-01,,Active,Bob,Martinez,45,Male,Married,California,120604.31984861092,708,Employed,82,18,30,1,1,12000.0,5.0,2024-05-18,228.0,64.43057988405504,24.205621478578458,0,2,Car vandalized overnight,-0.0800201780878935,1
3,3,Auto,140.0,60000.0,750.0,2023-03-15,,Active,Carol,Wong,29,Female,Single,Texas,63073.0769299607,646,Self-Employed,60,5,120,3,1,8000.0,4.0,2024-03-21,286.0,71.99419310919922,28.451773629396204,0,2,Windshield cracked by falling debris,-0.01102430770837058,0
4,4,Life,200.0,250000.0,0.0,2020-07-20,,Active,Daniel,Kim,52,Male,Married,Illinois,135758.33968064236,795,Employed,88,25,20,1,0,0.0,1.0,,9999.0,93.99774467228801,15.520318532053214,0,1,Minor accident but resolved quickly,0.1284359314980602,1
5,5,Auto,110.0,45000.0,500.0,2022-11-11,,Active,Eva,Lopez,40,Female,Married,Florida,95598.38659141093,714,Employed,69,10,75,2,1,2200.0,2.0,2024-09-01,122.0,67.75838274969595,16.650493004921803,0,2,Water leak caused interior damage,0.08091906644239177,0
6,6,Auto,175.0,40000.0,1000.0,2023-02-01,,Active,Frank,Ng,37,Male,Single,Washington,73210.28790296745,630,Unemployed,40,2,180,4,0,0.0,1.0,,9999.0,65.18683075140152,23.626274824554166,0,5,Severe collision with significant damage,0.3619476904059924,0
7,7,Home,130.0,500000.0,1500.0,2021-09-12,,Active,Grace,Patel,50,Female,Widowed,New Jersey,101362.46100515344,768,Employed,95,30,15,1,1,9000.0,4.0,2024-11-30,32.0,91.4354279738449,20.923013277993455,0,2,Car vandalized overnight,-0.013232134315036248,1
8,8,Auto,105.0,30000.0,500.0,2023-05-01,,Active,Henry,Smith,28,Male,Single,Nevada,59944.88817893123,605,Student,55,8,200,3,0,0.0,1.0,,9999.0,78.55769843999714,28.885483995571644,0,4,Water leak caused interior damage,-0.06815391724488469,1
9,9,Health,220.0,1000000.0,100.0,2019-10-01,,Active,Isabella,Rossi,34,Female,Married,Colorado,85489.51118618899,729,Employed,78,17,40,2,1,1500.0,2.0,2024-04-03,273.0,67.17160391697556,21.551855546872734,0,4,Severe collision with significant damage,0.34298011604706974,1
10,10,Auto,150.0,55000.0,750.0,2023-01-30,,Active,Jason,Liu,47,Male,Married,Massachusetts,107288.85562802646,692,Employed,65,11,90,2,1,5000.0,3.0,2025-01-12,-11.0,76.7786477543065,18.526177791988253,1,4,"Small scratch, almost no damage",-0.29086477304403213,1
1,1,Auto,120.0,50000.0,500.0,2023-01-10,,Active,Alice,Chen,32,Female,Single,New York,89614.12748803147,728,Employed,75,22,45,2,2,4700.0,3.0,2024-06-10,205.0,78.85012154944746,24.21949384312523,0,4,Theft incident reported in neighborhood,-0.03826111830023464,1
2,2,Home,95.0,350000.0,1000.0,2022-05-01,,Active,Bob,Martinez,45,Male,Married,California,118499.95748652074,697,Employed,82,18,30,1,1,12000.0,5.0,2024-05-18,228.0,64.76269762940024,24.205621478578458,0,2,Car vandalized overnight,0.00031422624459366067,1
3,3,Auto,140.0,60000.0,750.0,2023-03-15,,Active,Carol,Wong,29,Female,Single,Texas,65223.416185970025,614,Self-Employed,60,5,120,3,1,8000.0,4.0,2024-03-21,286.0,83.47011050973884,28.451773629396204,0,2,Windshield cracked by falling debris,-0.12170881929212962,1
4,4,Life,200.0,250000.0,0.0,2020-07-20,,Active,Daniel,Kim,52,Male,Married,Illinois,135439.440292173,779,Employed,88,25,20,1,0,0.0,1.0,,9999.0,91.06685175982605,15.520318532053214,0,1,Minor accident but resolved quickly,0.06615515439582177,0
5,5,Auto,110.0,45000.0,500.0,2022-11-11,,Active,Eva,Lopez,40,Female,Married,Florida,91369.82767203006,688,Employed,69,10,75,2,1,2200.0,2.0,2024-09-01,122.0,69.77534898093425,16.650493004921803,0,2,Water leak caused interior damage,-0.0055509436803577355,1
6,6,Auto,175.0,40000.0,1000.0,2023-02-01,,Active,Frank,Ng,37,Male,Single,Washington,82646.11842603772,636,Unemployed,40,2,180,4,0,0.0,1.0,,9999.0,62.719676808561864,23.626274824554166,0,5,Severe collision with significant damage,0.3810627341551966,1
7,7,Home,130.0,500000.0,1500.0,2021-09-12,,Active,Grace,Patel,50,Female,Widowed,New Jersey,101278.15031547486,769,Employed,95,30,15,1,1,9000.0,4.0,2024-11-30,32.0,95.74908345266569,20.923013277993455,0,2,Car vandalized overnight,-0.011671639932194777,0
8,8,Auto,105.0,30000.0,500.0,2023-05-01,,Active,Henry,Smith,28,Male,Single,Nevada,60773.11224739754,624,Student,55,8,200,3,0,0.0,1.0,,9999.0,79.15435235236984,28.885483995571644,0,4,Water leak caused interior damage,-0.0020397244892480537,0
9,9,Health,220.0,1000000.0,100.0,2019-10-01,,Active,Isabella,Rossi,34,Female,Married,Colorado,86384.57177560654,730,Employed,78,17,40,2,1,1500.0,2.0,2024-04-03,273.0,67.27850281849994,21.551855546872734,0,4,Severe collision with significant damage,0.3545441693172374,0
10,10,Auto,150.0,55000.0,750.0,2023-01-30,,Active,Jason,Liu,47,Male,Married,Massachusetts,112404.21577684615,693,Employed,65,11,90,2,1,5000.0,3.0,2025-01-12,-11.0,75.21942266804514,18.526177791988253,1,4,"Small scratch, almost no damage",-0.25092523016148316,1
1,1,Auto,120.0,50000.0,500.0,2023-01-10,,Active,Alice,Chen,32,Female,Single,New York,82422.89927932821,731,Employed,75,22,45,2,2,4700.0,3.0,2024-06-10,205.0,77.00412609486318,24.21949384312523,0,4,Theft incident reported in neighborhood,0.021707111013110805,1
2,2,Home,95.0,350000.0,1000.0,2022-05-01,,Active,Bob,Martinez,45,Male,Married,California,125423.88154123277,708,Employed,82,18,30,1,1,12000.0,5.0,2024-05-18,228.0,69.5293377944234,24.205621478578458,0,2,Car vandalized overnight,0.021356686434383033,1
3,3,Auto,140.0,60000.0,750.0,2023-03-15,,Active,Carol,Wong,29,Female,Single,Texas,65041.52492228259,649,Self-Employed,60,5,120,3,1,8000.0,4.0,2024-03-21,286.0,66.49253872919464,28.451773629396204,0,2,Windshield cracked by falling debris,-0.034447920572924784,1
4,4,Life,200.0,250000.0,0.0,2020-07-20,,Active,Daniel,Kim,52,Male,Married,Illinois,132403.01088666517,781,Employed,88,25,20,1,0,0.0,1.0,,9999.0,90.60615077551563,15.520318532053214,0,1,Minor accident but resolved quickly,0.18742140364581417,1
5,5,Auto,110.0,45000.0,500.0,2022-11-11,,Active,Eva,Lopez,40,Female,Married,Florida,86605.91720244834,710,Employed,69,10,75,2,1,2200.0,2.0,2024-09-01,122.0,75.0515253502083,16.650493004921803,0,2,Water leak caused interior damage,0.007855434725165976,0
6,6,Auto,175.0,40000.0,1000.0,2023-02-01,,Active,Frank,Ng,37,Male,Single,Washington,71255.01988688817,632,Unemployed,40,2,180,4,0,0.0,1.0,,9999.0,69.34947755257767,23.626274824554166,0,5,Severe collision with significant damage,0.43661069781698847,1
7,7,Home,130.0,500000.0,1500.0,2021-09-12,,Active,Grace,Patel,50,Female,Widowed,New Jersey,101332.6931793593,759,Employed,95,30,15,1,1,9000.0,4.0,2024-11-30,32.0,85.11972079052975,20.923013277993455,0,2,Car vandalized overnight,0.07164362156335409,1
8,8,Auto,105.0,30000.0,500.0,2023-05-01,,Active,Henry,Smith,28,Male,Single,Nevada,58968.39134182582,576,Student,55,8,200,3,0,0.0,1.0,,9999.0,81.80906301445046,28.885483995571644,0,4,Water leak caused interior damage,-0.07213633606866231,0
9,9,Health,220.0,1000000.0,100.0,2019-10-01,,Active,Isabella,Rossi,34,Female,Married,Colorado,66087.32314545377,714,Employed,78,17,40,2,1,1500.0,2.0,2024-04-03,273.0,68.60422948947394,21.551855546872734,0,4,Severe collision with significant damage,0.3320486230565646,1
10,10,Auto,150.0,55000.0,750.0,2023-01-30,,Active,Jason,Liu,47,Male,Married,Massachusetts,108926.94775220194,664,Employed,65,11,90,2,1,5000.0,3.0,2025-01-12,-11.0,78.56058658779313,18.526177791988253,1,4,"Small scratch, almost no damage",-0.2093225980014725,1
1,1,Auto,120.0,50000.0,500.0,2023-01-10,,Active,Alice,Chen,32,Female,Single,New York,82928.35097677747,738,Employed,75,22,45,2,2,4700.0,3.0,2024-06-10,205.0,75.66406141041462,24.21949384312523,0,4,Theft incident reported in neighborhood,-0.08324462100644738,1
2,2,Home,95.0,350000.0,1000.0,2022-05-01,,Active,Bob,Martinez,45,Male,Married,California,123571.30145719543,692,Employed,82,18,30,1,1,12000.0,5.0,2024-05-18,228.0,67.37223148265007,24.205621478578458,0,2,Car vandalized overnight,0.07100884813466866,1
3,3,Auto,140.0,60000.0,750.0,2023-03-15,,Active,Carol,Wong,29,Female,Single,Texas,65746.96555415855,649,Self-Employed,60,5,120,3,1,8000.0,4.0,2024-03-21,286.0,76.78702343574109,28.451773629396204,0,2,Windshield cracked by falling debris,-0.017194109740633134,0
4,4,Life,200.0,250000.0,0.0,2020-07-20,,Active,Daniel,Kim,52,Male,Married,Illinois,145157.03116484356,770,Employed,88,25,20,1,0,0.0,1.0,,9999.0,91.06746588094116,15.520318532053214,0,1,Minor accident but resolved quickly,0.17041831842211758,1
5,5,Auto,110.0,45000.0,500.0,2022-11-11,,Active,Eva,Lopez,40,Female,Married,Florida,95587.17431508098,710,Employed,69,10,75,2,1,2200.0,2.0,2024-09-01,122.0,61.56166352308145,16.650493004921803,0,2,Water leak caused interior damage,-0.005819533143038816,1
6,6,Auto,175.0,40000.0,1000.0,2023-02-01,,Active,Frank,Ng,37,Male,Single,Washington,73440.3584359609,628,Unemployed,40,2,180,4,0,0.0,1.0,,9999.0,65.7028638731882,23.626274824554166,0,5,Severe collision with significant damage,0.30538052361081564,0
7,7,Home,130.0,500000.0,1500.0,2021-09-12,,Active,Grace,Patel,50,Female,Widowed,New Jersey,104598.49231533233,772,Employed,95,30,15,1,1,9000.0,4.0,2024-11-30,32.0,95.3329930781325,20.923013277993455,0,2,Car vandalized overnight,0.052777230106598766,0
8,8,Auto,105.0,30000.0,500.0,2023-05-01,,Active,Henry,Smith,28,Male,Single,Nevada,62100.84685076379,613,Student,55,8,200,3,0,0.0,1.0,,9999.0,85.74599781614361,28.885483995571644,0,4,Water leak caused interior damage,0.1375361515268665,0
9,9,Health,220.0,1000000.0,100.0,2019-10-01,,Active,Isabella,Rossi,34,Female,Married,Colorado,80933.86318592097,718,Employed,78,17,40,2,1,1500.0,2.0,2024-04-03,273.0,58.45371901757393,21.551855546872734,0,4,Severe collision with significant damage,0.3492495861822154,0
10,10,Auto,150.0,55000.0,750.0,2023-01-30,,Active,Jason,Liu,47,Male,Married,Massachusetts,113210.60902242972,677,Employed,65,11,90,2,1,5000.0,3.0,2025-01-12,-11.0,71.98506607797714,18.526177791988253,1,4,"Small scratch, almost no damage",-0.2661179275422621,1
1,1,Auto,120.0,50000.0,500.0,2023-01-10,,Active,Alice,Chen,32,Female,Single,New York,85216.28349704195,734,Employed,75,22,45,2,2,4700.0,3.0,2024-06-10,205.0,74.87808751802305,24.21949384312523,0,4,Theft incident reported in neighborhood,-0.13245497716335297,1
2,2,Home,95.0,350000.0,1000.0,2022-05-01,,Active,Bob,Martinez,45,Male,Married,California,120961.40462430991,690,Employed,82,18,30,1,1,12000.0,5.0,2024-05-18,228.0,71.9111864544032,24.205621478578458,0,2,Car vandalized overnight,0.06757514517280605,1
3,3,Auto,140.0,60000.0,750.0,2023-03-15,,Active,Carol,Wong,29,Female,Single,Texas,71293.41006511587,639,Self-Employed,60,5,120,3,1,8000.0,4.0,2024-03-21,286.0,70.46236504099635,28.451773629396204,0,2,Windshield cracked by falling debris,0.045588266142100146,1
4,4,Life,200.0,250000.0,0.0,2020-07-20,,Active,Daniel,Kim,52,Male,Married,Illinois,143209.81096698195,775,Employed,88,25,20,1,0,0.0,1.0,,9999.0,88.05712373722639,15.520318532053214,0,1,Minor accident but resolved quickly,0.05499747356392094,0
5,5,Auto,110.0,45000.0,500.0,2022-11-11,,Active,Eva,Lopez,40,Female,Married,Florida,91004.7798888787,695,Employed,69,10,75,2,1,2200.0,2.0,2024-09-01,122.0,65.29344287700138,16.650493004921803,0,2,Water leak caused interior damage,-0.10324427310234432,0
6,6,Auto,175.0,40000.0,1000.0,2023-02-01,,Active,Frank,Ng,37,Male,Single,Washington,73184.81334011137,639,Unemployed,40,2,180,4,0,0.0,1.0,,9999.0,72.49421521375078,23.626274824554166,0,5,Severe collision with significant damage,0.27753843584173676,1
7,7,Home,130.0,500000.0,1500.0,2021-09-12,,Active,Grace,Patel,50,Female,Widowed,New Jersey,91883.07657962404,782,Employed,95,30,15,1,1,9000.0,4.0,2024-11-30,32.0,82.24291989021168,20.923013277993455,0,2,Car vandalized overnight,0.03225845626864091,1
8,8,Auto,105.0,30000.0,500.0,2023-05-01,,Active,Henry,Smith,28,Male,Single,Nevada,67845.21388785455,610,Student,55,8,200,3,0,0.0,1.0,,9999.0,79.5793792118094,28.885483995571644,0,4,Water leak caused interior damage,0.03724957098070411,1
9,9,Health,220.0,1000000.0,100.0,2019-10-01,,Active,Isabella,Rossi,34,Female,Married,Colorado,78947.03314971217,765,Employed,78,17,40,2,1,1500.0,2.0,2024-04-03,273.0,62.791869619386205,21.551855546872734,0,4,Severe collision with significant damage,0.3288333027815606,0
10,10,Auto,150.0,55000.0,750.0,2023-01-30,,Active,Jason,Liu,47,Male,Married,Massachusetts,112139.23716032506,696,Employed,65,11,90,2,1,5000.0,3.0,2025-01-12,-11.0,82.38991622814073,18.526177791988253,1,4,"Small scratch, almost no damage",-0.22503699843086009,1
1,1,Auto,120.0,50000.0,500.0,2023-01-10,,Active,Alice,Chen,32,Female,Single,New York,92623.62894770797,723,Employed,75,22,45,2,2,4700.0,3.0,2024-06-10,205.0,78.3511804215478,24.21949384312523,0,4,Theft incident reported in neighborhood,0.007943856049557621,0
2,2,Home,95.0,350000.0,1000.0,2022-05-01,,Active,Bob,Martinez,45,Male,Married,California,120910.40928372197,677,Employed,82,18,30,1,1,12000.0,5.0,2024-05-18,228.0,65.99756574891485,24.205621478578458,0,2,Car vandalized overnight,-0.01836348534271093,0
3,3,Auto,140.0,60000.0,750.0,2023-03-15,,Active,Carol,Wong,29,Female,Single,Texas,67221.31895249008,647,Self-Employed,60,5,120,3,1,8000.0,4.0,2024-03-21,286.0,81.18580823052464,28.451773629396204,0,2,Windshield cracked by falling debris,0.048509841334265,0
4,4,Life,200.0,250000.0,0.0,2020-07-20,,Active,Daniel,Kim,52,Male,Married,Illinois,140678.69191017497,769,Employed,88,25,20,1,0,0.0,1.0,,9999.0,86.721042863662,15.520318532053214,0,1,Minor accident but resolved quickly,0.08141988660526472,0
5,5,Auto,110.0,45000.0,500.0,2022-11-11,,Active,Eva,Lopez,40,Female,Married,Florida,91842.94827025567,678,Employed,69,10,75,2,1,2200.0,2.0,2024-09-01,122.0,71.18747834827897,16.650493004921803,0,2,Water leak caused interior damage,0.057376960679694756,0
6,6,Auto,175.0,40000.0,1000.0,2023-02-01,,Active,Frank,Ng,37,Male,Single,Washington,77344.4224188936,654,Unemployed,40,2,180,4,0,0.0,1.0,,9999.0,66.24204855306752,23.626274824554166,0,5,Severe collision with significant damage,0.33857392229928235,1
7,7,Home,130.0,500000.0,1500.0,2021-09-12,,Active,Grace,Patel,50,Female,Widowed,New Jersey,93907.35651811295,763,Employed,95,30,15,1,1,9000.0,4.0,2024-11-30,32.0,93.16922010116376,20.923013277993455,0,2,Car vandalized overnight,0.08907683409835224,1
8,8,Auto,105.0,30000.0,500.0,2023-05-01,,Active,Henry,Smith,28,Male,Single,Nevada,64823.66082897034,599,Student,55,8,200,3,0,0.0,1.0,,9999.0,80.95354457034391,28.885483995571644,0,4,Water leak caused interior damage,-0.05026530117407333,1
9,9,Health,220.0,1000000.0,100.0,2019-10-01,,Active,Isabella,Rossi,34,Female,Married,Colorado,81502.35227196658,733,Employed,78,17,40,2,1,1500.0,2.0,2024-04-03,273.0,77.40827169154628,21.551855546872734,0,4,Severe collision with significant damage,0.3574213960699936,1
10,10,Auto,150.0,55000.0,750.0,2023-01-30,,Active,Jason,Liu,47,Male,Married,Massachusetts,104513.6424811075,697,Employed,65,11,90,2,1,5000.0,3.0,2025-01-12,-11.0,76.29913650136756,18.526177791988253,1,4,"Small scratch, almost no damage",-0.24707064312288235,0
1,1,Auto,120.0,50000.0,500.0,2023-01-10,,Active,Alice,Chen,32,Female,Single,New York,86940.3764464531,716,Employed,75,22,45,2,2,4700.0,3.0,2024-06-10,205.0,77.4920190026206,24.21949384312523,0,4,Theft incident reported in neighborhood,0.00261592739112416,1
2,2,Home,95.0,350000.0,1000.0,2022-05-01,,Active,Bob,Martinez,45,Male,Married,California,111749.897304353,690,Employed,82,18,30,1,1,12000.0,5.0,2024-05-18,228.0,66.42312941908206,24.205621478578458,0,2,Car vandalized overnight,0.024541425030904774,0
3,3,Auto,140.0,60000.0,750.0,2023-03-15,,Active,Carol,Wong,29,Female,Single,Texas,77367.90081005199,661,Self-Employed,60,5,120,3,1,8000.0,4.0,2024-03-21,286.0,77.78300382022744,28.451773629396204,0,2,Windshield cracked by falling debris,-0.06428412091233386,1
4,4,Life,200.0,250000.0,0.0,2020-07-20,,Active,Daniel,Kim,52,Male,Married,Illinois,130592.58080007296,775,Employed,88,25,20,1,0,0.0,1.0,,9999.0,77.46901774029854,15.520318532053214,0,1,Minor accident but resolved quickly,0.13980104625433493,0
5,5,Auto,110.0,45000.0,500.0,2022-11-11,,Active,Eva,Lopez,40,Female,Married,Florida,96447.17106287375,714,Employed,69,10,75,2,1,2200.0,2.0,2024-09-01,122.0,69.0524955694841,16.650493004921803,0,2,Water leak caused interior damage,0.0069065853201360486,0
6,6,Auto,175.0,40000.0,1000.0,2023-02-01,,Active,Frank,Ng,37,Male,Single,Washington,71748.17780752538,616,Unemployed,40,2,180,4,0,0.0,1.0,,9999.0,72.56185336840748,23.626274824554166,0,5,Severe collision with significant damage,0.34861308879859365,1
7,7,Home,130.0,500000.0,1500.0,2021-09-12,,Active,Grace,Patel,50,Female,Widowed,New Jersey,102240.90284388288,752,Employed,95,30,15,1,1,9000.0,4.0,2024-11-30,32.0,90.53707380448613,20.923013277993455,0,2,Car vandalized overnight,0.020202930872970884,1
8,8,Auto,105.0,30000.0,500.0,2023-05-01,,Active,Henry,Smith,28,Male,Single,Nevada,56351.486973562,619,Student,55,8,200,3,0,0.0,1.0,,9999.0,73.9537709179254,28.885483995571644,0,4,Water leak caused interior damage,-0.06731849567438905,1
9,9,Health,220.0,1000000.0,100.0,2019-10-01,,Active,Isabella,Rossi,34,Female,Married,Colorado,83988.46088759128,711,Employed,78,17,40,2,1,1500.0,2.0,2024-04-03,273.0,61.159158757944574,21.551855546872734,0,4,Severe collision with significant damage,0.3586773055474658,0
10,10,Auto,150.0,55000.0,750.0,2023-01-30,,Active,Jason,Liu,47,Male,Married,Massachusetts,109058.72503237099,693,Employed,65,11,90,2,1,5000.0,3.0,2025-01-12,-11.0,66.7899520144065,18.526177791988253,1,4,"Small scratch, almost no damage",-0.2876592062201833,1
1,1,Auto,120.0,50000.0,500.0,2023-01-10,,Active,Alice,Chen,32,Female,Single,New York,86871.11818483083,718,Employed,75,22,45,2,2,4700.0,3.0,2024-06-10,205.0,79.87626586359649,24.21949384312523,0,4,Theft incident reported in neighborhood,-0.016171546477450952,1
2,2,Home,95.0,350000.0,1000.0,2022-05-01,,Active,Bob,Martinez,45,Male,Married,California,120060.25752631598,685,Employed,82,18,30,1,1,12000.0,5.0,2024-05-18,228.0,64.31477521510746,24.205621478578458,0,2,Car vandalized overnight,0.07235177299606016,0
3,3,Auto,140.0,60000.0,750.0,2023-03-15,,Active,Carol,Wong,29,Female,Single,Texas,62537.340854065376,638,Self-Employed,60,5,120,3,1,8000.0,4.0,2024-03-21,286.0,77.6574280963594,28.451773629396204,0,2,Windshield cracked by falling debris,0.07332278630787002,0
4,4,Life,200.0,250000.0,0.0,2020-07-20,,Active,Daniel,Kim,52,Male,Married,Illinois,137016.42743876213,793,Employed,88,25,20,1,0,0.0,1.0,,9999.0,87.66140798758742,15.520318532053214,0,1,Minor accident but resolved quickly,0.2051874896957277,1
5,5,Auto,110.0,45000.0,500.0,2022-11-11,,Active,Eva,Lopez,40,Female,Married,Florida,87987.05005733701,735,Employed,69,10,75,2,1,2200.0,2.0,2024-09-01,122.0,73.14106764595303,16.650493004921803,0,2,Water leak caused interior damage,-0.023112864004042572,1
6,6,Auto,175.0,40000.0,1000.0,2023-02-01,,Active,Frank,Ng,37,Male,Single,Washington,79181.25117203045,644,Unemployed,40,2,180,4,0,0.0,1.0,,9999.0,67.53148178847279,23.626274824554166,0,5,Severe collision with significant damage,0.42038091384001036,1
7,7,Home,130.0,500000.0,1500.0,2021-09-12,,Active,Grace,Patel,50,Female,Widowed,New Jersey,99056.5607673973,774,Employed,95,30,15,1,1,9000.0,4.0,2024-11-30,32.0,92.18612546651275,20.923013277993455,0,2,Car vandalized overnight,0.005618106346290199,0
8,8,Auto,105.0,30000.0,500.0,2023-05-01,,Active,Henry,Smith,28,Male,Single,Nevada,59692.94436388667,600,Student,55,8,200,3,0,0.0,1.0,,9999.0,81.39507180642556,28.885483995571644,0,4,Water leak caused interior damage,0.002279485175150428,1
9,9,Health,220.0,1000000.0,100.0,2019-10-01,,Active,Isabella,Rossi,34,Female,Married,Colorado,86731.70585749175,713,Employed,78,17,40,2,1,1500.0,2.0,2024-04-03,273.0,69.80395304862618,21.551855546872734,0,4,Severe collision with significant damage,0.37113193261904154,1
10,10,Auto,150.0,55000.0,750.0,2023-01-30,,Active,Jason,Liu,47,Male,Married,Massachusetts,119526.5471780318,690,Employed,65,11,90,2,1,5000.0,3.0,2025-01-12,-11.0,75.55422574501975,18.526177791988253,1,4,"Small scratch, almost no damage",-0.16207910713104373,1
1,1,Auto,120.0,50000.0,500.0,2023-01-10,,Active,Alice,Chen,32,Female,Single,New York,88144.13582284833,706,Employed,75,22,45,2,2,4700.0,3.0,2024-06-10,205.0,83.43903115815286,24.21949384312523,0,4,Theft incident reported in neighborhood,0.0682919302778232,0
2,2,Home,95.0,350000.0,1000.0,2022-05-01,,Active,Bob,Martinez,45,Male,Married,California,118851.43961030646,664,Employed,82,18,30,1,1,12000.0,5.0,2024-05-18,228.0,60.398179760348526,24.205621478578458,0,2,Car vandalized overnight,0.03724482092235487,1
3,3,Auto,140.0,60000.0,750.0,2023-03-15,,Active,Carol,Wong,29,Female,Single,Texas,66501.35468657542,662,Self-Employed,60,5,120,3,1,8000.0,4.0,2024-03-21,286.0,81.20215644921326,28.451773629396204,0,2,Windshield cracked by falling debris,-0.008515048275531326,1
4,4,Life,200.0,250000.0,0.0,2020-07-20,,Active,Daniel,Kim,52,Male,Married,Illinois,131725.29205872567,792,Employed,88,25,20,1,0,0.0,1.0,,9999.0,84.80987984223978,15.520318532053214,0,1,Minor accident but resolved quickly,0.14364470457939477,1
5,5,Auto,110.0,45000.0,500.0,2022-11-11,,Active,Eva,Lopez,40,Female,Married,Florida,87499.04726578578,698,Employed,69,10,75,2,1,2200.0,2.0,2024-09-01,122.0,65.21916129220016,16.650493004921803,0,2,Water leak caused interior damage,0.026528330226886717,0
6,6,Auto,175.0,40000.0,1000.0,2023-02-01,,Active,Frank,Ng,37,Male,Single,Washington,73905.56102598412,643,Unemployed,40,2,180,4,0,0.0,1.0,,9999.0,69.46801358421398,23.626274824554166,0,5,Severe collision with significant damage,0.3489195544072989,1
7,7,Home,130.0,500000.0,1500.0,2021-09-12,,Active,Grace,Patel,50,Female,Widowed,New Jersey,107857.0118679796,785,Employed,95,30,15,1,1,9000.0,4.0,2024-11-30,32.0,91.19616198547968,20.923013277993455,0,2,Car vandalized overnight,0.0469157857982252,1
8,8,Auto,105.0,30000.0,500.0,2023-05-01,,Active,Henry,Smith,28,Male,Single,Nevada,59211.11331658591,613,Student,55,8,200,3,0,0.0,1.0,,9999.0,81.63492880459519,28.885483995571644,0,4,Water leak caused interior damage,-0.04606225557214533,0
9,9,Health,220.0,1000000.0,100.0,2019-10-01,,Active,Isabella,Rossi,34,Female,Married,Colorado,75095.78798320759,713,Employed,78,17,40,2,1,1500.0,2.0,2024-04-03,273.0,58.82167559235963,21.551855546872734,0,4,Severe collision with significant damage,0.39459218439987026,0
10,10,Auto,150.0,55000.0,750.0,2023-01-30,,Active,Jason,Liu,47,Male,Married,Massachusetts,110166.66106850153,687,Employed,65,11,90,2,1,5000.0,3.0,2025-01-12,-11.0,82.30684144814855,18.526177791988253,1,4,"Small scratch, almost no damage",-0.3644857774896315,0
1,1,Auto,120.0,50000.0,500.0,2023-01-10,,Active,Alice,Chen,32,Female,Single,New York,85712.51370304426,739,Employed,75,22,45,2,2,4700.0,3.0,2024-06-10,205.0,72.3579813632241,24.21949384312523,0,4,Theft incident reported in neighborhood,-0.0275309263301065,1
2,2,Home,95.0,350000.0,1000.0,2022-05-01,,Active,Bob,Martinez,45,Male,Married,California,120142.54183940182,693,Employed,82,18,30,1,1,12000.0,5.0,2024-05-18,228.0,65.27168002504499,24.205621478578458,0,2,Car vandalized overnight,0.10388385664597218,1
3,3,Auto,140.0,60000.0,750.0,2023-03-15,,Active,Carol,Wong,29,Female,Single,Texas,71198.76489034083,658,Self-Employed,60,5,120,3,1,8000.0,4.0,2024-03-21,286.0,80.32384940987563,28.451773629396204,0,2,Windshield cracked by falling debris,0.05180957471959555,0
4,4,Life,200.0,250000.0,0.0,2020-07-20,,Active,Daniel,Kim,52,Male,Married,Illinois,135276.02204543614,785,Employed,88,25,20,1,0,0.0,1.0,,9999.0,87.12947357785134,15.520318532053214,0,1,Minor accident but resolved quickly,0.21844008916339286,0
5,5,Auto,110.0,45000.0,500.0,2022-11-11,,Active,Eva,Lopez,40,Female,Married,Florida,93074.90996858932,698,Employed,69,10,75,2,1,2200.0,2.0,2024-09-01,122.0,68.42320286556993,16.650493004921803,0,2,Water leak caused interior damage,-0.0333653833677191,1
6,6,Auto,175.0,40000.0,1000.0,2023-02-01,,Active,Frank,Ng,37,Male,Single,Washington,71878.62658376915,631,Unemployed,40,2,180,4,0,0.0,1.0,,9999.0,58.56395373007869,23.626274824554166,0,5,Severe collision with significant damage,0.3801886418400218,1
7,7,Home,130.0,500000.0,1500.0,2021-09-12,,Active,Grace,Patel,50,Female,Widowed,New Jersey,107122.91775258089,775,Employed,95,30,15,1,1,9000.0,4.0,2024-11-30,32.0,90.08785158416563,20.923013277993455,0,2,Car vandalized overnight,0.06409961265471523,0
8,8,Auto,105.0,30000.0,500.0,2023-05-01,,Active,Henry,Smith,28,Male,Single,Nevada,61009.91915337434,622,Student,55,8,200,3,0,0.0,1.0,,9999.0,80.08054426788377,28.885483995571644,0,4,Water leak caused interior damage,0.03165474673526885,1
9,9,Health,220.0,1000000.0,100.0,2019-10-01,,Active,Isabella,Rossi,34,Female,Married,Colorado,81600.87588162815,746,Employed,78,17,40,2,1,1500.0,2.0,2024-04-03,273.0,62.326873217723445,21.551855546872734,0,4,Severe collision with significant damage,0.40042829386791595,1
10,10,Auto,150.0,55000.0,750.0,2023-01-30,,Active,Jason,Liu,47,Male,Married,Massachusetts,106861.95242474679,678,Employed,65,11,90,2,1,5000.0,3.0,2025-01-12,-11.0,68.21441668397242,18.526177791988253,1,4,"Small scratch, almost no damage",-0.16847090148349686,1
1,1,Auto,120.0,50000.0,500.0,2023-01-10,,Active,Alice,Chen,32,Female,Single,New York,86887.30796506559,726,Employed,75,22,45,2,2,4700.0,3.0,2024-06-10,205.0,75.10933679020837,24.21949384312523,0,4,Theft incident reported in neighborhood,-0.05202274828069641,1
2,2,Home,95.0,350000.0,1000.0,2022-05-01,,Active,Bob,Martinez,45,Male,Married,California,122604.26022668122,707,Employed,82,18,30,1,1,12000.0,5.0,2024-05-18,228.0,68.19133294675133,24.205621478578458,0,2,Car vandalized overnight,-0.009211901972275153,1
3,3,Auto,140.0,60000.0,750.0,2023-03-15,,Active,Carol,Wong,29,Female,Single,Texas,63320.92626469964,636,Self-Employed,60,5,120,3,1,8000.0,4.0,2024-03-21,286.0,76.30334649588633,28.451773629396204,0,2,Windshield cracked by falling debris,-0.08770427813346772,0
4,4,Life,200.0,250000.0,0.0,2020-07-20,,Active,Daniel,Kim,52,Male,Married,Illinois,128363.63364644938,802,Employed,88,25,20,1,0,0.0,1.0,,9999.0,80.9316604191663,15.520318532053214,0,1,Minor accident but resolved quickly,0.08691136406988659,0
5,5,Auto,110.0,45000.0,500.0,2022-11-11,,Active,Eva,Lopez,40,Female,Married,Florida,91174.66409443786,734,Employed,69,10,75,2,1,2200.0,2.0,2024-09-01,122.0,73.56909553258762,16.650493004921803,0,2,Water leak caused interior damage,0.053709269608948555,1
6,6,Auto,175.0,40000.0,1000.0,2023-02-01,,Active,Frank,Ng,37,Male,Single,Washington,73044.92070617787,679,Unemployed,40,2,180,4,0,0.0,1.0,,9999.0,64.63491040483234,23.626274824554166,0,5,Severe collision with significant damage,0.32913253669039383,1
7,7,Home,130.0,500000.0,1500.0,2021-09-12,,Active,Grace,Patel,50,Female,Widowed,New Jersey,101039.68587654292,773,Employed,95,30,15,1,1,9000.0,4.0,2024-11-30,32.0,88.0617351343971,20.923013277993455,0,2,Car vandalized overnight,0.03677621270625486,1
8,8,Auto,105.0,30000.0,500.0,2023-05-01,,Active,Henry,Smith,28,Male,Single,Nevada,54835.85571640754,613,Student,55,8,200,3,0,0.0,1.0,,9999.0,69.57131946496175,28.885483995571644,0,4,Water leak caused interior damage,0.08292425209840404,1
9,9,Health,220.0,1000000.0,100.0,2019-10-01,,Active,Isabella,Rossi,34,Female,Married,Colorado,73757.97634246932,742,Employed,78,17,40,2,1,1500.0,2.0,2024-04-03,273.0,70.74572876357341,21.551855546872734,0,4,Severe collision with significant damage,0.3661030912504031,1
10,10,Auto,150.0,55000.0,750.0,2023-01-30,,Active,Jason,Liu,47,Male,Married,Massachusetts,110826.7578520043,701,Employed,65,11,90,2,1,5000.0,3.0,2025-01-12,-11.0,74.64452079609535,18.526177791988253,1,4,"Small scratch, almost no damage",-0.22400682801000937,0
1,1,Auto,120.0,50000.0,500.0,2023-01-10,,Active,Alice,Chen,32,Female,Single,New York,83600.86495617259,736,Employed,75,22,45,2,2,4700.0,3.0,2024-06-10,205.0,76.35442110443161,24.21949384312523,0,4,Theft incident reported in neighborhood,0.03716560647714599,1
2,2,Home,95.0,350000.0,1000.0,2022-05-01,,Active,Bob,Martinez,45,Male,Married,California,111557.20191539929,701,Employed,82,18,30,1,1,12000.0,5.0,2024-05-18,228.0,72.82377816521239,24.205621478578458,0,2,Car vandalized overnight,-0.06107475315332827,1
3,3,Auto,140.0,60000.0,750.0,2023-03-15,,Active,Carol,Wong,29,Female,Single,Texas,73372.39527243092,649,Self-Employed,60,5,120,3,1,8000.0,4.0,2024-03-21,286.0,75.06704563834181,28.451773629396204,0,2,Windshield cracked by falling debris,-0.030822617265052355,1
4,4,Life,200.0,250000.0,0.0,2020-07-20,,Active,Daniel,Kim,52,Male,Married,Illinois,129769.37172726497,798,Employed,88,25,20,1,0,0.0,1.0,,9999.0,92.12933822644248,15.520318532053214,0,1,Minor accident but resolved quickly,0.09148360608307654,1
5,5,Auto,110.0,45000.0,500.0,2022-11-11,,Active,Eva,Lopez,40,Female,Married,Florida,100293.29980844173,694,Employed,69,10,75,2,1,2200.0,2.0,2024-09-01,122.0,58.9448576795554,16.650493004921803,0,2,Water leak caused interior damage,-0.026836155504151433,0
6,6,Auto,175.0,40000.0,1000.0,2023-02-01,,Active,Frank,Ng,37,Male,Single,Washington,72503.93308444569,640,Unemployed,40,2,180,4,0,0.0,1.0,,9999.0,69.3943031468951,23.626274824554166,0,5,Severe collision with significant damage,0.41080553490405497,1
7,7,Home,130.0,500000.0,1500.0,2021-09-12,,Active,Grace,Patel,50,Female,Widowed,New Jersey,101606.242272504,793,Employed,95,30,15,1,1,9000.0,4.0,2024-11-30,32.0,95.23952245216732,20.923013277993455,0,2,Car vandalized overnight,-0.029759836547114577,0
8,8,Auto,105.0,30000.0,500.0,2023-05-01,,Active,Henry,Smith,28,Male,Single,Nevada,66587.79604154875,592,Student,55,8,200,3,0,0.0,1.0,,9999.0,76.8875493609628,28.885483995571644,0,4,Water leak caused interior damage,-0.0017576613465908467,1
9,9,Health,220.0,1000000.0,100.0,2019-10-01,,Active,Isabella,Rossi,34,Female,Married,Colorado,85917.7357113153,720,Employed,78,17,40,2,1,1500.0,2.0,2024-04-03,273.0,68.84183384997418,21.551855546872734,0,4,Severe collision with significant damage,0.3228769191534382,0
10,10,Auto,150.0,55000.0,750.0,2023-01-30,,Active,Jason,Liu,47,Male,Married,Massachusetts,117944.54562490754,700,Employed,65,11,90,2,1,5000.0,3.0,2025-01-12,-11.0,83.84641113180672,18.526177791988253,1,4,"Small scratch, almost no damage",-0.1886788917733149,1
1,1,Auto,120.0,50000.0,500.0,2023-01-10,,Active,Alice,Chen,32,Female,Single,New York,78907.69504447859,725,Employed,75,22,45,2,2,4700.0,3.0,2024-06-10,205.0,74.94120248391872,24.21949384312523,0,4,Theft incident reported in neighborhood,-0.027255499511166854,0
2,2,Home,95.0,350000.0,1000.0,2022-05-01,,Active,Bob,Martinez,45,Male,Married,California,115456.53800997102,677,Employed,82,18,30,1,1,12000.0,5.0,2024-05-18,228.0,66.99071524254634,24.205621478578458,0,2,Car vandalized overnight,0.07614902759549771,1
3,3,Auto,140.0,60000.0,750.0,2023-03-15,,Active,Carol,Wong,29,Female,Single,Texas,68903.98909637611,644,Self-Employed,60,5,120,3,1,8000.0,4.0,2024-03-21,286.0,74.1790874738791,28.451773629396204,0,2,Windshield cracked by falling debris,0.0030464546924680058,1
4,4,Life,200.0,250000.0,0.0,2020-07-20,,Active,Daniel,Kim,52,Male,Married,Illinois,138358.98975159085,763,Employed,88,25,20,1,0,0.0,1.0,,9999.0,86.23743765615576,15.520318532053214,0,1,Minor accident but resolved quickly,0.0713166877685127,1
5,5,Auto,110.0,45000.0,500.0,2022-11-11,,Active,Eva,Lopez,40,Female,Married,Florida,89955.09022648145,724,Employed,69,10,75,2,1,2200.0,2.0,2024-09-01,122.0,63.92871994222948,16.650493004921803,0,2,Water leak caused interior damage,-0.008551337327281219,0
6,6,Auto,175.0,40000.0,1000.0,2023-02-01,,Active,Frank,Ng,37,Male,Single,Washington,68448.02385714644,637,Unemployed,40,2,180,4,0,0.0,1.0,,9999.0,63.59391212290093,23.626274824554166,0,5,Severe collision with significant damage,0.3218611586266918,0
7,7,Home,130.0,500000.0,1500.0,2021-09-12,,Active,Grace,Patel,50,Female,Widowed,New Jersey,101986.3126358592,796,Employed,95,30,15,1,1,9000.0,4.0,2024-11-30,32.0,93.74589497293412,20.923013277993455,0,2,Car vandalized overnight,0.029467468868907637,1
8,8,Auto,105.0,30000.0,500.0,2023-05-01,,Active,Henry,Smith,28,Male,Single,Nevada,59222.99444706386,611,Student,55,8,200,3,0,0.0,1.0,,9999.0,76.04951264868187,28.885483995571644,0,4,Water leak caused interior damage,-0.01306813911634332,1
9,9,Health,220.0,1000000.0,100.0,2019-10-01,,Active,Isabella,Rossi,34,Female,Married,Colorado,79175.04416417654,727,Employed,78,17,40,2,1,1500.0,2.0,2024-04-03,273.0,65.40039502765907,21.551855546872734,0,4,Severe collision with significant damage,0.3831605127513677,0
10,10,Auto,150.0,55000.0,750.0,2023-01-30,,Active,Jason,Liu,47,Male,Married,Massachusetts,100888.19832875778,686,Employed,65,11,90,2,1,5000.0,3.0,2025-01-12,-11.0,76.66365426389653,18.526177791988253,1,4,"Small scratch, almost no damage",-0.26846765550232815,1
1,1,Auto,120.0,50000.0,500.0,2023-01-10,,Active,Alice,Chen,32,Female,Single,New York,88189.93681791326,717,Employed,75,22,45,2,2,4700.0,3.0,2024-06-10,205.0,81.95294808641928,24.21949384312523,0,4,Theft incident reported in neighborhood,-0.02776711519316627,1
2,2,Home,95.0,350000.0,1000.0,2022-05-01,,Active,Bob,Martinez,45,Male,Married,California,120580.81624114183,691,Employed,82,18,30,1,1,12000.0,5.0,2024-05-18,228.0,66.32820345772573,24.205621478578458,0,2,Car vandalized overnight,-0.04868110048078136,0
3,3,Auto,140.0,60000.0,750.0,2023-03-15,,Active,Carol,Wong,29,Female,Single,Texas,75180.65822655585,687,Self-Employed,60,5,120,3,1,8000.0,4.0,2024-03-21,286.0,79.2968546438256,28.451773629396204,0,2,Windshield cracked by falling debris,0.04181114684107647,0
4,4,Life,200.0,250000.0,0.0,2020-07-20,,Active,Daniel,Kim,52,Male,Married,Illinois,134701.9694138753,775,Employed,88,25,20,1,0,0.0,1.0,,9999.0,91.44063708600073,15.520318532053214,0,1,Minor accident but resolved quickly,0.13300901157668177,0
5,5,Auto,110.0,45000.0,500.0,2022-11-11,,Active,Eva,Lopez,40,Female,Married,Florida,92265.3605220761,706,Employed,69,10,75,2,1,2200.0,2.0,2024-09-01,122.0,73.1491579326023,16.650493004921803,0,2,Water leak caused interior damage,-0.015734544684919204,0
6,6,Auto,175.0,40000.0,1000.0,2023-02-01,,Active,Frank,Ng,37,Male,Single,Washington,78327.27270442105,640,Unemployed,40,2,180,4,0,0.0,1.0,,9999.0,65.11934313642877,23.626274824554166,0,5,Severe collision with significant damage,0.365089305077892,0
7,7,Home,130.0,500000.0,1500.0,2021-09-12,,Active,Grace,Patel,50,Female,Widowed,New Jersey,93015.35376535523,786,Employed,95,30,15,1,1,9000.0,4.0,2024-11-30,32.0,86.47898391115919,20.923013277993455,0,2,Car vandalized overnight,-0.03394308967428873,1
8,8,Auto,105.0,30000.0,500.0,2023-05-01,,Active,Henry,Smith,28,Male,Single,Nevada,70466.79978640637,589,Student,55,8,200,3,0,0.0,1.0,,9999.0,74.96209253399469,28.885483995571644,0,4,Water leak caused interior damage,-0.015567571338801267,1
9,9,Health,220.0,1000000.0,100.0,2019-10-01,,Active,Isabella,Rossi,34,Female,Married,Colorado,78276.83044830953,736,Employed,78,17,40,2,1,1500.0,2.0,2024-04-03,273.0,73.31150585217354,21.551855546872734,0,4,Severe collision with significant damage,0.3852814907346744,0
10,10,Auto,150.0,55000.0,750.0,2023-01-30,,Active,Jason,Liu,47,Male,Married,Massachusetts,111978.26640856994,678,Employed,65,11,90,2,1,5000.0,3.0,2025-01-12,-11.0,82.04861027575313,18.526177791988253,1,4,"Small scratch, almost no damage",-0.30170684995283825,1
1,1,Auto,120.0,50000.0,500.0,2023-01-10,,Active,Alice,Chen,32,Female,Single,New York,87562.32802779661,728,Employed,75,22,45,2,2,4700.0,3.0,2024-06-10,205.0,75.79176425888662,24.21949384312523,0,4,Theft incident reported in neighborhood,-0.04446759965396039,0
2,2,Home,95.0,350000.0,1000.0,2022-05-01,,Active,Bob,Martinez,45,Male,Married,California,116740.86348803881,683,Employed,82,18,30,1,1,12000.0,5.0,2024-05-18,228.0,76.066584990454,24.205621478578458,0,2,Car vandalized overnight,0.06891420468113368,1
3,3,Auto,140.0,60000.0,750.0,2023-03-15,,Active,Carol,Wong,29,Female,Single,Texas,75387.9213257904,616,Self-Employed,60,5,120,3,1,8000.0,4.0,2024-03-21,286.0,77.36480887974568,28.451773629396204,0,2,Windshield cracked by falling debris,-0.018137826639977806,1
4,4,Life,200.0,250000.0,0.0,2020-07-20,,Active,Daniel,Kim,52,Male,Married,Illinois,136063.82107741773,785,Employed,88,25,20,1,0,0.0,1.0,,9999.0,91.17400016263042,15.520318532053214,0,1,Minor accident but resolved quickly,0.11408862622046617,1
5,5,Auto,110.0,45000.0,500.0,2022-11-11,,Active,Eva,Lopez,40,Female,Married,Florida,89146.10945237067,715,Employed,69,10,75,2,1,2200.0,2.0,2024-09-01,122.0,67.23084711021085,16.650493004921803,0,2,Water leak caused interior damage,-0.06719358027796378,0
6,6,Auto,175.0,40000.0,1000.0,2023-02-01,,Active,Frank,Ng,37,Male,Single,Washington,75554.03184955376,632,Unemployed,40,2,180,4,0,0.0,1.0,,9999.0,68.78157832361173,23.626274824554166,0,5,Severe collision with significant damage,0.417533881873712,1
7,7,Home,130.0,500000.0,1500.0,2021-09-12,,Active,Grace,Patel,50,Female,Widowed,New Jersey,103057.00879443609,761,Employed,95,30,15,1,1,9000.0,4.0,2024-11-30,32.0,90.1175995562229,20.923013277993455,0,2,Car vandalized overnight,-0.052796290675542173,0
8,8,Auto,105.0,30000.0,500.0,2023-05-01,,Active,Henry,Smith,28,Male,Single,Nevada,60043.1926592388,591,Student,55,8,200,3,0,0.0,1.0,,9999.0,77.50927525632831,28.885483995571644,0,4,Water leak caused interior damage,-0.0007646330480729051,0
9,9,Health,220.0,1000000.0,100.0,2019-10-01,,Active,Isabella,Rossi,34,Female,Married,Colorado,83527.71964153295,741,Employed,78,17,40,2,1,1500.0,2.0,2024-04-03,273.0,68.73630152112199,21.551855546872734,0,4,Severe collision with significant damage,0.2895907465341705,1
10,10,Auto,150.0,55000.0,750.0,2023-01-30,,Active,Jason,Liu,47,Male,Married,Massachusetts,103260.51144412905,703,Employed,65,11,90,2,1,5000.0,3.0,2025-01-12,-11.0,79.37453019376719,18.526177791988253,1,4,"Small scratch, almost no damage",-0.20909135998179418,1
1,1,Auto,120.0,50000.0,500.0,2023-01-10,,Active,Alice,Chen,32,Female,Single,New York,82008.12004069403,707,Employed,75,22,45,2,2,4700.0,3.0,2024-06-10,205.0,80.07134821014071,24.21949384312523,0,4,Theft incident reported in neighborhood,0.058842812180929044,0
2,2,Home,95.0,350000.0,1000.0,2022-05-01,,Active,Bob,Martinez,45,Male,Married,California,111444.79874076274,682,Employed,82,18,30,1,1,12000.0,5.0,2024-05-18,228.0,69.62173712794316,24.205621478578458,0,2,Car vandalized overnight,0.024226017273900766,0
3,3,Auto,140.0,60000.0,750.0,2023-03-15,,Active,Carol,Wong,29,Female,Single,Texas,75988.03262737178,650,Self-Employed,60,5,120,3,1,8000.0,4.0,2024-03-21,286.0,74.14598293009978,28.451773629396204,0,2,Windshield cracked by falling debris,-0.07672400657026485,1
4,4,Life,200.0,250000.0,0.0,2020-07-20,,Active,Daniel,Kim,52,Male,Married,Illinois,142935.96851073974,814,Employed,88,25,20,1,0,0.0,1.0,,9999.0,95.11390254312711,15.520318532053214,0,1,Minor accident but resolved quickly,0.1836047738621282,1
5,5,Auto,110.0,45000.0,500.0,2022-11-11,,Active,Eva,Lopez,40,Female,Married,Florida,92506.46427013194,718,Employed,69,10,75,2,1,2200.0,2.0,2024-09-01,122.0,66.13993456905025,16.650493004921803,0,2,Water leak caused interior damage,-0.041367449982017634,0
6,6,Auto,175.0,40000.0,1000.0,2023-02-01,,Active,Frank,Ng,37,Male,Single,Washington,70949.52771634787,626,Unemployed,40,2,180,4,0,0.0,1.0,,9999.0,68.6466246308835,23.626274824554166,0,5,Severe collision with significant damage,0.31645140606391936,0
7,7,Home,130.0,500000.0,1500.0,2021-09-12,,Active,Grace,Patel,50,Female,Widowed,New Jersey,109559.5130888733,774,Employed,95,30,15,1,1,9000.0,4.0,2024-11-30,32.0,91.49207922137778,20.923013277993455,0,2,Car vandalized overnight,-0.01917305228788267,0
8,8,Auto,105.0,30000.0,500.0,2023-05-01,,Active,Henry,Smith,28,Male,Single,Nevada,57582.34208747315,590,Student,55,8,200,3,0,0.0,1.0,,9999.0,80.63890361470538,28.885483995571644,0,4,Water leak caused interior damage,-0.02016838366732447,1
9,9,Health,220.0,1000000.0,100.0,2019-10-01,,Active,Isabella,Rossi,34,Female,Married,Colorado,79147.17149237935,740,Employed,78,17,40,2,1,1500.0,2.0,2024-04-03,273.0,68.02797545370169,21.551855546872734,0,4,Severe collision with significant damage,0.3497475674409855,1
10,10,Auto,150.0,55000.0,750.0,2023-01-30,,Active,Jason,Liu,47,Male,Married,Massachusetts,110638.13362292289,715,Employed,65,11,90,2,1,5000.0,3.0,2025-01-12,-11.0,80.80423221229758,18.526177791988253,1,4,"Small scratch, almost no damage",-0.1863162876047653,0
1,1,Auto,120.0,50000.0,500.0,2023-01-10,,Active,Alice,Chen,32,Female,Single,New York,86806.06376807588,745,Employed,75,22,45,2,2,4700.0,3.0,2024-06-10,205.0,75.06123582394581,24.21949384312523,0,4,Theft incident reported in neighborhood,0.10059129982213133,0
2,2,Home,95.0,350000.0,1000.0,2022-05-01,,Active,Bob,Martinez,45,Male,Married,California,122575.21040681728,701,Employed,82,18,30,1,1,12000.0,5.0,2024-05-18,228.0,74.84269775376838,24.205621478578458,0,2,Car vandalized overnight,-0.06845682686747323,0
3,3,Auto,140.0,60000.0,750.0,2023-03-15,,Active,Carol,Wong,29,Female,Single,Texas,70735.8465498978,642,Self-Employed,60,5,120,3,1,8000.0,4.0,2024-03-21,286.0,76.70464824056326,28.451773629396204,0,2,Windshield cracked by falling debris,-0.03444161971622952,1
4,4,Life,200.0,250000.0,0.0,2020-07-20,,Active,Daniel,Kim,52,Male,Married,Illinois,134421.90365858437,761,Employed,88,25,20,1,0,0.0,1.0,,9999.0,89.62335447241945,15.520318532053214,0,1,Minor accident but resolved quickly,0.1488040834689145,0
5,5,Auto,110.0,45000.0,500.0,2022-11-11,,Active,Eva,Lopez,40,Female,Married,Florida,92672.40380702684,689,Employed,69,10,75,2,1,2200.0,2.0,2024-09-01,122.0,65.63944676890303,16.650493004921803,0,2,Water leak caused interior damage,-0.019435824546861376,1
6,6,Auto,175.0,40000.0,1000.0,2023-02-01,,Active,Frank,Ng,37,Male,Single,Washington,74243.16936201729,598,Unemployed,40,2,180,4,0,0.0,1.0,,9999.0,64.49646242600667,23.626274824554166,0,5,Severe collision with significant damage,0.39496993746392584,1
7,7,Home,130.0,500000.0,1500.0,2021-09-12,,Active,Grace,Patel,50,Female,Widowed,New Jersey,102317.21374748889,780,Employed,95,30,15,1,1,9000.0,4.0,2024-11-30,32.0,93.12731814125216,20.923013277993455,0,2,Car vandalized overnight,0.04579926779728975,1
8,8,Auto,105.0,30000.0,500.0,2023-05-01,,Active,Henry,Smith,28,Male,Single,Nevada,61989.1671113231,609,Student,55,8,200,3,0,0.0,1.0,,9999.0,91.69680433953909,28.885483995571644,0,4,Water leak caused interior damage,0.03746829711350206,1
9,9,Health,220.0,1000000.0,100.0,2019-10-01,,Active,Isabella,Rossi,34,Female,Married,Colorado,83051.38916319248,743,Employed,78,17,40,2,1,1500.0,2.0,2024-04-03,273.0,62.91926781549931,21.551855546872734,0,4,Severe collision with significant damage,0.4054866783924916,1
10,10,Auto,150.0,55000.0,750.0,2023-01-30,,Active,Jason,Liu,47,Male,Married,Massachusetts,112551.86679608386,711,Employed,65,11,90,2,1,5000.0,3.0,2025-01-12,-11.0,81.3720068217439,18.526177791988253,1,4,"Small scratch, almost no damage",-0.16704522395401383,0
1,1,Auto,120.0,50000.0,500.0,2023-01-10,,Active,Alice,Chen,32,Female,Single,New York,83230.2705003548,721,Employed,75,22,45,2,2,4700.0,3.0,2024-06-10,205.0,74.65692458533402,24.21949384312523,0,4,Theft incident reported in neighborhood,-0.07944736414580549,1
2,2,Home,95.0,350000.0,1000.0,2022-05-01,,Active,Bob,Martinez,45,Male,Married,California,121834.84068623606,692,Employed,82,18,30,1,1,12000.0,5.0,2024-05-18,228.0,68.29888847852176,24.205621478578458,0,2,Car vandalized overnight,0.07400543959773077,0
3,3,Auto,140.0,60000.0,750.0,2023-03-15,,Active,Carol,Wong,29,Female,Single,Texas,70613.59895165954,644,Self-Employed,60,5,120,3,1,8000.0,4.0,2024-03-21,286.0,84.802597546135,28.451773629396204,0,2,Windshield cracked by falling debris,-0.020649581704487188,1
4,4,Life,200.0,250000.0,0.0,2020-07-20,,Active,Daniel,Kim,52,Male,Married,Illinois,129835.50244420518,775,Employed,88,25,20,1,0,0.0,1.0,,9999.0,83.98221713659508,15.520318532053214,0,1,Minor accident but resolved quickly,0.18092292770044802,0
5,5,Auto,110.0,45000.0,500.0,2022-11-11,,Active,Eva,Lopez,40,Female,Married,Florida,88903.82257107589,720,Employed,69,10,75,2,1,2200.0,2.0,2024-09-01,122.0,61.83752322882747,16.650493004921803,0,2,Water leak caused interior damage,-0.05148331141397218,1
6,6,Auto,175.0,40000.0,1000.0,2023-02-01,,Active,Frank,Ng,37,Male,Single,Washington,77432.45556487334,638,Unemployed,40,2,180,4,0,0.0,1.0,,9999.0,66.84156192155724,23.626274824554166,0,5,Severe collision with significant damage,0.3295751804053361,0
7,7,Home,130.0,500000.0,1500.0,2021-09-12,,Active,Grace,Patel,50,Female,Widowed,New Jersey,106837.1699789185,766,Employed,95,30,15,1,1,9000.0,4.0,2024-11-30,32.0,91.6051778978394,20.923013277993455,0,2,Car vandalized overnight,0.033105864574101376,0
8,8,Auto,105.0,30000.0,500.0,2023-05-01,,Active,Henry,Smith,28,Male,Single,Nevada,63299.60074451494,610,Student,55,8,200,3,0,0.0,1.0,,9999.0,81.06388303655844,28.885483995571644,0,4,Water leak caused interior damage,-0.09643650113749229,1
9,9,Health,220.0,1000000.0,100.0,2019-10-01,,Active,Isabella,Rossi,34,Female,Married,Colorado,87089.51194791039,743,Employed,78,17,40,2,1,1500.0,2.0,2024-04-03,273.0,65.80902407155257,21.551855546872734,0,4,Severe collision with significant damage,0.42447210391441564,0
10,10,Auto,150.0,55000.0,750.0,2023-01-30,,Active,Jason,Liu,47,Male,Married,Massachusetts,108406.5064392922,680,Employed,65,11,90,2,1,5000.0,3.0,2025-01-12,-11.0,76.64724844907789,18.526177791988253,1,4,"Small scratch, almost no damage",-0.1870018248829206,0
1,1,Auto,120.0,50000.0,500.0,2023-01-10,,Active,Alice,Chen,32,Female,Single,New York,86000.76196899057,720,Employed,75,22,45,2,2,4700.0,3.0,2024-06-10,205.0,79.10672994407047,24.21949384312523,0,4,Theft incident reported in neighborhood,0.008889242691448007,0
2,2,Home,95.0,350000.0,1000.0,2022-05-01,,Active,Bob,Martinez,45,Male,Married,California,123222.94119810447,693,Employed,82,18,30,1,1,12000.0,5.0,2024-05-18,228.0,56.68613861776589,24.205621478578458,0,2,Car vandalized overnight,0.007088051778927861,1
3,3,Auto,140.0,60000.0,750.0,2023-03-15,,Active,Carol,Wong,29,Female,Single,Texas,58694.593146000894,667,Self-Employed,60,5,120,3,1,8000.0,4.0,2024-03-21,286.0,74.76904123685735,28.451773629396204,0,2,Windshield cracked by falling debris,-0.04168180724542261,0
4,4,Life,200.0,250000.0,0.0,2020-07-20,,Active,Daniel,Kim,52,Male,Married,Illinois,141043.2128724581,777,Employed,88,25,20,1,0,0.0,1.0,,9999.0,87.90190863976251,15.520318532053214,0,1,Minor accident but resolved quickly,0.1753891367868501,0
5,5,Auto,110.0,45000.0,500.0,2022-11-11,,Active,Eva,Lopez,40,Female,Married,Florida,82556.36047658141,700,Employed,69,10,75,2,1,2200.0,2.0,2024-09-01,122.0,70.00829869973,16.650493004921803,0,2,Water leak caused interior damage,0.0173832623203713,1
6,6,Auto,175.0,40000.0,1000.0,2023-02-01,,Active,Frank,Ng,37,Male,Single,Washington,78987.76027311361,633,Unemployed,40,2,180,4,0,0.0,1.0,,9999.0,73.1494170768841,23.626274824554166,0,5,Severe collision with significant damage,0.32892473019880886,0
7,7,Home,130.0,500000.0,1500.0,2021-09-12,,Active,Grace,Patel,50,Female,Widowed,New Jersey,102747.32716217058,785,Employed,95,30,15,1,1,9000.0,4.0,2024-11-30,32.0,85.41015495342015,20.923013277993455,0,2,Car vandalized overnight,-0.0195739975044096,0
8,8,Auto,105.0,30000.0,500.0,2023-05-01,,Active,Henry,Smith,28,Male,Single,Nevada,50641.627989940454,640,Student,55,8,200,3,0,0.0,1.0,,9999.0,85.03753125198118,28.885483995571644,0,4,Water leak caused interior damage,-0.007966771234790174,1
9,9,Health,220.0,1000000.0,100.0,2019-10-01,,Active,Isabella,Rossi,34,Female,Married,Colorado,70843.75497226801,711,Employed,78,17,40,2,1,1500.0,2.0,2024-04-03,273.0,62.556060691975134,21.551855546872734,0,4,Severe collision with significant damage,0.3553598901740406,1
10,10,Auto,150.0,55000.0,750.0,2023-01-30,,Active,Jason,Liu,47,Male,Married,Massachusetts,115729.92766981003,674,Employed,65,11,90,2,1,5000.0,3.0,2025-01-12,-11.0,75.99108139110884,18.526177791988253,1,4,"Small scratch, almost no damage",-0.31814557066749877,1
1,1,Auto,120.0,50000.0,500.0,2023-01-10,,Active,Alice,Chen,32,Female,Single,New York,89858.88823874619,718,Employed,75,22,45,2,2,4700.0,3.0,2024-06-10,205.0,78.28629991132524,24.21949384312523,0,4,Theft incident reported in neighborhood,0.03495101542919477,1
2,2,Home,95.0,350000.0,1000.0,2022-05-01,,Active,Bob,Martinez,45,Male,Married,California,116476.54542204695,691,Employed,82,18,30,1,1,12000.0,5.0,2024-05-18,228.0,67.52788406871869,24.205621478578458,0,2,Car vandalized overnight,-0.012175522795094734,1
3,3,Auto,140.0,60000.0,750.0,2023-03-15,,Active,Carol,Wong,29,Female,Single,Texas,64472.48441982374,661,Self-Employed,60,5,120,3,1,8000.0,4.0,2024-03-21,286.0,82.21273288387358,28.451773629396204,0,2,Windshield cracked by falling debris,0.0007682387946654706,0
4,4,Life,200.0,250000.0,0.0,2020-07-20,,Active,Daniel,Kim,52,Male,Married,Illinois,137050.41988950488,767,Employed,88,25,20,1,0,0.0,1.0,,9999.0,86.65794169644373,15.520318532053214,0,1,Minor accident but resolved quickly,0.11275333729679533,1
5,5,Auto,110.0,45000.0,500.0,2022-11-11,,Active,Eva,Lopez,40,Female,Married,Florida,89949.02339804653,695,Employed,69,10,75,2,1,2200.0,2.0,2024-09-01,122.0,65.63201953819862,16.650493004921803,0,2,Water leak caused interior damage,0.023763573698599494,0
6,6,Auto,175.0,40000.0,1000.0,2023-02-01,,Active,Frank,Ng,37,Male,Single,Washington,79217.58086339646,642,Unemployed,40,2,180,4,0,0.0,1.0,,9999.0,71.39827633344717,23.626274824554166,0,5,Severe collision with significant damage,0.3849348092190702,1
7,7,Home,130.0,500000.0,1500.0,2021-09-12,,Active,Grace,Patel,50,Female,Widowed,New Jersey,101918.32369773235,767,Employed,95,30,15,1,1,9000.0,4.0,2024-11-30,32.0,85.89805623301807,20.923013277993455,0,2,Car vandalized overnight,0.060639219456520926,0
8,8,Auto,105.0,30000.0,500.0,2023-05-01,,Active,Henry,Smith,28,Male,Single,Nevada,66332.12317582614,623,Student,55,8,200,3,0,0.0,1.0,,9999.0,80.20493313110155,28.885483995571644,0,4,Water leak caused interior damage,0.02402993564694922,0
9,9,Health,220.0,1000000.0,100.0,2019-10-01,,Active,Isabella,Rossi,34,Female,Married,Colorado,83880.31111165491,737,Employed,78,17,40,2,1,1500.0,2.0,2024-04-03,273.0,57.72437669800529,21.551855546872734,0,4,Severe collision with significant damage,0.36486577990814445,0
10,10,Auto,150.0,55000.0,750.0,2023-01-30,,Active,Jason,Liu,47,Male,Married,Massachusetts,112883.09219656231,698,Employed,65,11,90,2,1,5000.0,3.0,2025-01-12,-11.0,83.78927793127635,18.526177791988253,1,4,"Small scratch, almost no damage",-0.286985840875128,1
1,1,Auto,120.0,50000.0,500.0,2023-01-10,,Active,Alice,Chen,32,Female,Single,New York,83591.50111878531,719,Employed,75,22,45,2,2,4700.0,3.0,2024-06-10,205.0,80.78677758108189,24.21949384312523,0,4,Theft incident reported in neighborhood,0.043297634195832255,1
2,2,Home,95.0,350000.0,1000.0,2022-05-01,,Active,Bob,Martinez,45,Male,Married,California,118298.71506335262,725,Employed,82,18,30,1,1,12000.0,5.0,2024-05-18,228.0,79.3412571842688,24.205621478578458,0,2,Car vandalized overnight,-0.01412880493932289,1
3,3,Auto,140.0,60000.0,750.0,2023-03-15,,Active,Carol,Wong,29,Female,Single,Texas,67792.96406117879,638,Self-Employed,60,5,120,3,1,8000.0,4.0,2024-03-21,286.0,83.12571738299386,28.451773629396204,0,2,Windshield cracked by falling debris,-0.008585878329811038,1
4,4,Life,200.0,250000.0,0.0,2020-07-20,,Active,Daniel,Kim,52,Male,Married,Illinois,142363.77227974884,789,Employed,88,25,20,1,0,0.0,1.0,,9999.0,83.75775735849437,15.520318532053214,0,1,Minor accident but resolved quickly,0.13306808635203293,1
5,5,Auto,110.0,45000.0,500.0,2022-11-11,,Active,Eva,Lopez,40,Female,Married,Florida,88374.90108244086,691,Employed,69,10,75,2,1,2200.0,2.0,2024-09-01,122.0,69.86475894396233,16.650493004921803,0,2,Water leak caused interior damage,-0.02008038553285647,0
6,6,Auto,175.0,40000.0,1000.0,2023-02-01,,Active,Frank,Ng,37,Male,Single,Washington,76042.11594829606,624,Unemployed,40,2,180,4,0,0.0,1.0,,9999.0,63.51832146772262,23.626274824554166,0,5,Severe collision with significant damage,0.36727305028850654,1
7,7,Home,130.0,500000.0,1500.0,2021-09-12,,Active,Grace,Patel,50,Female,Widowed,New Jersey,91020.78836917077,761,Employed,95,30,15,1,1,9000.0,4.0,2024-11-30,32.0,95.2627038143011,20.923013277993455,0,2,Car vandalized overnight,0.09631037813662889,1
8,8,Auto,105.0,30000.0,500.0,2023-05-01,,Active,Henry,Smith,28,Male,Single,Nevada,62703.23492017632,634,Student,55,8,200,3,0,0.0,1.0,,9999.0,74.80465559792462,28.885483995571644,0,4,Water leak caused interior damage,-0.05239110270638461,1
9,9,Health,220.0,1000000.0,100.0,2019-10-01,,Active,Isabella,Rossi,34,Female,Married,Colorado,89028.79312437256,733,Employed,78,17,40,2,1,1500.0,2.0,2024-04-03,273.0,59.76968783182139,21.551855546872734,0,4,Severe collision with significant damage,0.33427478946191946,1
10,10,Auto,150.0,55000.0,750.0,2023-01-30,,Active,Jason,Liu,47,Male,Married,Massachusetts,106265.4475629483,682,Employed,65,11,90,2,1,5000.0,3.0,2025-01-12,-11.0,70.07147470824484,18.526177791988253,1,4,"Small scratch, almost no damage",-0.1807837790922875,1
1,1,Auto,120.0,50000.0,500.0,2023-01-10,,Active,Alice,Chen,32,Female,Single,New York,97697.76854850704,725,Employed,75,22,45,2,2,4700.0,3.0,2024-06-10,205.0,74.00705055108278,24.21949384312523,0,4,Theft incident reported in neighborhood,-0.018740219224753586,0
2,2,Home,95.0,350000.0,1000.0,2022-05-01,,Active,Bob,Martinez,45,Male,Married,California,120728.96241862662,690,Employed,82,18,30,1,1,12000.0,5.0,2024-05-18,228.0,65.5829170868115,24.205621478578458,0,2,Car vandalized overnight,-0.022531064203744754,1
3,3,Auto,140.0,60000.0,750.0,2023-03-15,,Active,Carol,Wong,29,Female,Single,Texas,57708.275034462626,643,Self-Employed,60,5,120,3,1,8000.0,4.0,2024-03-21,286.0,72.72566603385125,28.451773629396204,0,2,Windshield cracked by falling debris,0.051743192838671695,0
4,4,Life,200.0,250000.0,0.0,2020-07-20,,Active,Daniel,Kim,52,Male,Married,Illinois,133457.84704012834,760,Employed,88,25,20,1,0,0.0,1.0,,9999.0,96.2355946938704,15.520318532053214,0,1,Minor accident but resolved quickly,0.0706568858025791,0
5,5,Auto,110.0,45000.0,500.0,2022-11-11,,Active,Eva,Lopez,40,Female,Married,Florida,95321.75425307633,731,Employed,69,10,75,2,1,2200.0,2.0,2024-09-01,122.0,69.30968228886654,16.650493004921803,0,2,Water leak caused interior damage,0.041072721462670284,1
6,6,Auto,175.0,40000.0,1000.0,2023-02-01,,Active,Frank,Ng,37,Male,Single,Washington,82997.26882499922,643,Unemployed,40,2,180,4,0,0.0,1.0,,9999.0,68.83929467603669,23.626274824554166,0,5,Severe collision with significant damage,0.37728082146607717,1
7,7,Home,130.0,500000.0,1500.0,2021-09-12,,Active,Grace,Patel,50,Female,Widowed,New Jersey,102872.39419300674,802,Employed,95,30,15,1,1,9000.0,4.0,2024-11-30,32.0,95.3072114630804,20.923013277993455,0,2,Car vandalized overnight,0.02324010654159887,0
8,8,Auto,105.0,30000.0,500.0,2023-05-01,,Active,Henry,Smith,28,Male,Single,Nevada,66270.37768351586,624,Student,55,8,200,3,0,0.0,1.0,,9999.0,80.23424791800664,28.885483995571644,0,4,Water leak caused interior damage,0.02230154776260629,1
9,9,Health,220.0,1000000.0,100.0,2019-10-01,,Active,Isabella,Rossi,34,Female,Married,Colorado,75288.85783403058,738,Employed,78,17,40,2,1,1500.0,2.0,2024-04-03,273.0,61.37158656276002,21.551855546872734,0,4,Severe collision with significant damage,0.3436008706758681,0
10,10,Auto,150.0,55000.0,750.0,2023-01-30,,Active,Jason,Liu,47,Male,Married,Massachusetts,107278.95365122436,684,Employed,65,11,90,2,1,5000.0,3.0,2025-01-12,-11.0,69.70988155296095,18.526177791988253,1,4,"Small scratch, almost no damage",-0.19744081099250468,1
1,1,Auto,120.0,50000.0,500.0,2023-01-10,,Active,Alice,Chen,32,Female,Single,New York,78282.16287199284,704,Employed,75,22,45,2,2,4700.0,3.0,2024-06-10,205.0,72.74034026676118,24.21949384312523,0,4,Theft incident reported in neighborhood,-0.027506885573903458,0
2,2,Home,95.0,350000.0,1000.0,2022-05-01,,Active,Bob,Martinez,45,Male,Married,California,117579.74769603238,687,Employed,82,18,30,1,1,12000.0,5.0,2024-05-18,228.0,74.36249078797964,24.205621478578458,0,2,Car vandalized overnight,0.020442450949937085,0
3,3,Auto,140.0,60000.0,750.0,2023-03-15,,Active,Carol,Wong,29,Female,Single,Texas,71047.67594574267,634,Self-Employed,60,5,120,3,1,8000.0,4.0,2024-03-21,286.0,72.75091799446368,28.451773629396204,0,2,Windshield cracked by falling debris,0.06188622427645682,1
4,4,Life,200.0,250000.0,0.0,2020-07-20,,Active,Daniel,Kim,52,Male,Married,Illinois,135850.62304953206,789,Employed,88,25,20,1,0,0.0,1.0,,9999.0,89.68886722888782,15.520318532053214,0,1,Minor accident but resolved quickly,0.21061175165899015,1
5,5,Auto,110.0,45000.0,500.0,2022-11-11,,Active,Eva,Lopez,40,Female,Married,Florida,93471.39614665273,734,Employed,69,10,75,2,1,2200.0,2.0,2024-09-01,122.0,71.32586007566219,16.650493004921803,0,2,Water leak caused interior damage,-0.01335631679703462,1
6,6,Auto,175.0,40000.0,1000.0,2023-02-01,,Active,Frank,Ng,37,Male,Single,Washington,71253.94393001305,637,Unemployed,40,2,180,4,0,0.0,1.0,,9999.0,68.33173587838284,23.626274824554166,0,5,Severe collision with significant damage,0.39815676371205055,0
7,7,Home,130.0,500000.0,1500.0,2021-09-12,,Active,Grace,Patel,50,Female,Widowed,New Jersey,96497.89989275254,784,Employed,95,30,15,1,1,9000.0,4.0,2024-11-30,32.0,90.54648710125103,20.923013277993455,0,2,Car vandalized overnight,-0.01797443951018098,1
8,8,Auto,105.0,30000.0,500.0,2023-05-01,,Active,Henry,Smith,28,Male,Single,Nevada,60818.440838099654,600,Student,55,8,200,3,0,0.0,1.0,,9999.0,81.83163240132862,28.885483995571644,0,4,Water leak caused interior damage,0.1251898113634387,1
9,9,Health,220.0,1000000.0,100.0,2019-10-01,,Active,Isabella,Rossi,34,Female,Married,Colorado,77589.40877877874,726,Employed,78,17,40,2,1,1500.0,2.0,2024-04-03,273.0,65.88343085607119,21.551855546872734,0,4,Severe collision with significant damage,0.4140063002936909,0
10,10,Auto,150.0,55000.0,750.0,2023-01-30,,Active,Jason,Liu,47,Male,Married,Massachusetts,115207.39667264037,678,Employed,65,11,90,2,1,5000.0,3.0,2025-01-12,-11.0,82.9470172129247,18.526177791988253,1,4,"Small scratch, almost no damage",-0.24579707820815322,0
1,1,Auto,120.0,50000.0,500.0,2023-01-10,,Active,Alice,Chen,32,Female,Single,New York,82490.3244624901,689,Employed,75,22,45,2,2,4700.0,3.0,2024-06-10,205.0,71.79940292322435,24.21949384312523,0,4,Theft incident reported in neighborhood,0.01562810867288713,1
2,2,Home,95.0,350000.0,1000.0,2022-05-01,,Active,Bob,Martinez,45,Male,Married,California,118018.44302827501,690,Employed,82,18,30,1,1,12000.0,5.0,2024-05-18,228.0,69.30252789330093,24.205621478578458,0,2,Car vandalized overnight,0.020355270772303376,0
3,3,Auto,140.0,60000.0,750.0,2023-03-15,,Active,Carol,Wong,29,Female,Single,Texas,69675.35765547394,651,Self-Employed,60,5,120,3,1,8000.0,4.0,2024-03-21,286.0,70.49930072121973,28.451773629396204,0,2,Windshield cracked by falling debris,0.021837177039174108,1
4,4,Life,200.0,250000.0,0.0,2020-07-20,,Active,Daniel,Kim,52,Male,Married,Illinois,133442.84723309003,795,Employed,88,25,20,1,0,0.0,1.0,,9999.0,79.98137352815016,15.520318532053214,0,1,Minor accident but resolved quickly,0.1296667557843388,1
5,5,Auto,110.0,45000.0,500.0,2022-11-11,,Active,Eva,Lopez,40,Female,Married,Florida,85060.22242585034,721,Employed,69,10,75,2,1,2200.0,2.0,2024-09-01,122.0,66.86347537991203,16.650493004921803,0,2,Water leak caused interior damage,-0.019716364961758746,0
6,6,Auto,175.0,40000.0,1000.0,2023-02-01,,Active,Frank,Ng,37,Male,Single,Washington,70602.57670067165,652,Unemployed,40,2,180,4,0,0.0,1.0,,9999.0,69.36387479238887,23.626274824554166,0,5,Severe collision with significant damage,0.36740733191367536,1
7,7,Home,130.0,500000.0,1500.0,2021-09-12,,Active,Grace,Patel,50,Female,Widowed,New Jersey,102151.06383362782,756,Employed,95,30,15,1,1,9000.0,4.0,2024-11-30,32.0,95.47322489503897,20.923013277993455,0,2,Car vandalized overnight,-0.05698458525236038,1
8,8,Auto,105.0,30000.0,500.0,2023-05-01,,Active,Henry,Smith,28,Male,Single,Nevada,54565.153941751756,616,Student,55,8,200,3,0,0.0,1.0,,9999.0,88.88838368187676,28.885483995571644,0,4,Water leak caused interior damage,0.035913720348723005,0
9,9,Health,220.0,1000000.0,100.0,2019-10-01,,Active,Isabella,Rossi,34,Female,Married,Colorado,85588.65771019524,753,Employed,78,17,40,2,1,1500.0,2.0,2024-04-03,273.0,69.6457500514425,21.551855546872734,0,4,Severe collision with significant damage,0.3349147478675514,1
10,10,Auto,150.0,55000.0,750.0,2023-01-30,,Active,Jason,Liu,47,Male,Married,Massachusetts,107238.402862793,695,Employed,65,11,90,2,1,5000.0,3.0,2025-01-12,-11.0,79.4193835006237,18.526177791988253,1,4,"Small scratch, almost no damage",-0.30299750394923586,0
1,1,Auto,120.0,50000.0,500.0,2023-01-10,,Active,Alice,Chen,32,Female,Single,New York,87464.86326787225,747,Employed,75,22,45,2,2,4700.0,3.0,2024-06-10,205.0,76.60042925923005,24.21949384312523,0,4,Theft incident reported in neighborhood,-0.0007177233282074384,1
2,2,Home,95.0,350000.0,1000.0,2022-05-01,,Active,Bob,Martinez,45,Male,Married,California,117478.34950388146,720,Employed,82,18,30,1,1,12000.0,5.0,2024-05-18,228.0,62.215916133212275,24.205621478578458,0,2,Car vandalized overnight,-0.006506131484494336,1
3,3,Auto,140.0,60000.0,750.0,2023-03-15,,Active,Carol,Wong,29,Female,Single,Texas,64339.03448001454,646,Self-Employed,60,5,120,3,1,8000.0,4.0,2024-03-21,286.0,77.18811603424112,28.451773629396204,0,2,Windshield cracked by falling debris,0.012481723789449426,1
4,4,Life,200.0,250000.0,0.0,2020-07-20,,Active,Daniel,Kim,52,Male,Married,Illinois,135984.41472916072,770,Employed,88,25,20,1,0,0.0,1.0,,9999.0,93.4378652819292,15.520318532053214,0,1,Minor accident but resolved quickly,0.11325639819684619,0
5,5,Auto,110.0,45000.0,500.0,2022-11-11,,Active,Eva,Lopez,40,Female,Married,Florida,94207.1338680636,699,Employed,69,10,75,2,1,2200.0,2.0,2024-09-01,122.0,70.78328692743213,16.650493004921803,0,2,Water leak caused interior damage,-0.019627127911548678,0
6,6,Auto,175.0,40000.0,1000.0,2023-02-01,,Active,Frank,Ng,37,Male,Single,Washington,74010.52899655959,618,Unemployed,40,2,180,4,0,0.0,1.0,,9999.0,62.045019929878045,23.626274824554166,0,5,Severe collision with significant damage,0.40960597525442455,1
7,7,Home,130.0,500000.0,1500.0,2021-09-12,,Active,Grace,Patel,50,Female,Widowed,New Jersey,99738.09058497017,763,Employed,95,30,15,1,1,9000.0,4.0,2024-11-30,32.0,91.40665637512262,20.923013277993455,0,2,Car vandalized overnight,0.03156086002475969,1
8,8,Auto,105.0,30000.0,500.0,2023-05-01,,Active,Henry,Smith,28,Male,Single,Nevada,63229.6694443312,628,Student,55,8,200,3,0,0.0,1.0,,9999.0,81.3227879973058,28.885483995571644,0,4,Water leak caused interior damage,0.029476252308833908,0
9,9,Health,220.0,1000000.0,100.0,2019-10-01,,Active,Isabella,Rossi,34,Female,Married,Colorado,83362.10900100623,697,Employed,78,17,40,2,1,1500.0,2.0,2024-04-03,273.0,65.76586784923953,21.551855546872734,0,4,Severe collision with significant damage,0.3766983806175741,1
10,10,Auto,150.0,55000.0,750.0,2023-01-30,,Active,Jason,Liu,47,Male,Married,Massachusetts,109846.03311992103,675,Employed,65,11,90,2,1,5000.0,3.0,2025-01-12,-11.0,76.39929830152224,18.526177791988253,1,4,"Small scratch, almost no damage",-0.24155386883338625,0
1,1,Auto,120.0,50000.0,500.0,2023-01-10,,Active,Alice,Chen,32,Female,Single,New York,83226.08043005885,719,Employed,75,22,45,2,2,4700.0,3.0,2024-06-10,205.0,78.62290570391157,24.21949384312523,0,4,Theft incident reported in neighborhood,0.011521944385525174,1
2,2,Home,95.0,350000.0,1000.0,2022-05-01,,Active,Bob,Martinez,45,Male,Married,California,120330.62383778012,677,Employed,82,18,30,1,1,12000.0,5.0,2024-05-18,228.0,71.13008054159538,24.205621478578458,0,2,Car vandalized overnight,-0.03280208699044883,0
3,3,Auto,140.0,60000.0,750.0,2023-03-15,,Active,Carol,Wong,29,Female,Single,Texas,67236.35403444663,643,Self-Employed,60,5,120,3,1,8000.0,4.0,2024-03-21,286.0,75.20642739548269,28.451773629396204,0,2,Windshield cracked by falling debris,0.07370233000730506,1
4,4,Life,200.0,250000.0,0.0,2020-07-20,,Active,Daniel,Kim,52,Male,Married,Illinois,136251.8966072674,773,Employed,88,25,20,1,0,0.0,1.0,,9999.0,90.09641452242468,15.520318532053214,0,1,Minor accident but resolved quickly,0.20824606829105163,1
5,5,Auto,110.0,45000.0,500.0,2022-11-11,,Active,Eva,Lopez,40,Female,Married,Florida,85222.91829261699,707,Employed,69,10,75,2,1,2200.0,2.0,2024-09-01,122.0,66.43257894033111,16.650493004921803,0,2,Water leak caused interior damage,0.039712279550048364,0
6,6,Auto,175.0,40000.0,1000.0,2023-02-01,,Active,Frank,Ng,37,Male,Single,Washington,76108.726317435,630,Unemployed,40,2,180,4,0,0.0,1.0,,9999.0,61.24142104562487,23.626274824554166,0,5,Severe collision with significant damage,0.3537069206799201,1
7,7,Home,130.0,500000.0,1500.0,2021-09-12,,Active,Grace,Patel,50,Female,Widowed,New Jersey,97126.78633531701,758,Employed,95,30,15,1,1,9000.0,4.0,2024-11-30,32.0,86.70412564593605,20.923013277993455,0,2,Car vandalized overnight,0.026957205897507514,1
8,8,Auto,105.0,30000.0,500.0,2023-05-01,,Active,Henry,Smith,28,Male,Single,Nevada,63623.55044596201,624,Student,55,8,200,3,0,0.0,1.0,,9999.0,72.9544580084532,28.885483995571644,0,4,Water leak caused interior damage,0.048918496888488594,0
9,9,Health,220.0,1000000.0,100.0,2019-10-01,,Active,Isabella,Rossi,34,Female,Married,Colorado,77310.12860251794,745,Employed,78,17,40,2,1,1500.0,2.0,2024-04-03,273.0,68.286681509061,21.551855546872734,0,4,Severe collision with significant damage,0.31384015491394285,0
10,10,Auto,150.0,55000.0,750.0,2023-01-30,,Active,Jason,Liu,47,Male,Married,Massachusetts,107379.56093123626,670,Employed,65,11,90,2,1,5000.0,3.0,2025-01-12,-11.0,77.93427803324886,18.526177791988253,1,4,"Small scratch, almost no damage",-0.16527441191507514,1
1,1,Auto,120.0,50000.0,500.0,2023-01-10,,Active,Alice,Chen,32,Female,Single,New York,86781.59529764696,679,Employed,75,22,45,2,2,4700.0,3.0,2024-06-10,205.0,74.53860739131102,24.21949384312523,0,4,Theft incident reported in neighborhood,-0.08696938055778976,1
2,2,Home,95.0,350000.0,1000.0,2022-05-01,,Active,Bob,Martinez,45,Male,Married,California,120056.84755526479,705,Employed,82,18,30,1,1,12000.0,5.0,2024-05-18,228.0,74.02291375910038,24.205621478578458,0,2,Car vandalized overnight,0.035230290985453765,0
3,3,Auto,140.0,60000.0,750.0,2023-03-15,,Active,Carol,Wong,29,Female,Single,Texas,77106.60650559535,632,Self-Employed,60,5,120,3,1,8000.0,4.0,2024-03-21,286.0,78.04422608753298,28.451773629396204,0,2,Windshield cracked by falling debris,0.07266411531262346,1
4,4,Life,200.0,250000.0,0.0,2020-07-20,,Active,Daniel,Kim,52,Male,Married,Illinois,128482.78955778299,783,Employed,88,25,20,1,0,0.0,1.0,,9999.0,82.5514672530288,15.520318532053214,0,1,Minor accident but resolved quickly,0.13601349346531513,1
5,5,Auto,110.0,45000.0,500.0,2022-11-11,,Active,Eva,Lopez,40,Female,Married,Florida,90439.41178781897,687,Employed,69,10,75,2,1,2200.0,2.0,2024-09-01,122.0,65.43224534258472,16.650493004921803,0,2,Water leak caused interior damage,-0.007523219991153671,1
6,6,Auto,175.0,40000.0,1000.0,2023-02-01,,Active,Frank,Ng,37,Male,Single,Washington,79518.59793988949,659,Unemployed,40,2,180,4,0,0.0,1.0,,9999.0,73.721773265703,23.626274824554166,0,5,Severe collision with significant damage,0.4083830396323462,0
7,7,Home,130.0,500000.0,1500.0,2021-09-12,,Active,Grace,Patel,50,Female,Widowed,New Jersey,97686.7443082908,808,Employed,95,30,15,1,1,9000.0,4.0,2024-11-30,32.0,86.27265128573214,20.923013277993455,0,2,Car vandalized overnight,0.0925940945966936,0
8,8,Auto,105.0,30000.0,500.0,2023-05-01,,Active,Henry,Smith,28,Male,Single,Nevada,56357.76862104048,612,Student,55,8,200,3,0,0.0,1.0,,9999.0,80.31010190486623,28.885483995571644,0,4,Water leak caused interior damage,-0.014053381897068307,0
9,9,Health,220.0,1000000.0,100.0,2019-10-01,,Active,Isabella,Rossi,34,Female,Married,Colorado,76516.54140941468,729,Employed,78,17,40,2,1,1500.0,2.0,2024-04-03,273.0,67.34181386683913,21.551855546872734,0,4,Severe collision with significant damage,0.33595224040670274,1
10,10,Auto,150.0,55000.0,750.0,2023-01-30,,Active,Jason,Liu,47,Male,Married,Massachusetts,103552.15528139967,686,Employed,65,11,90,2,1,5000.0,3.0,2025-01-12,-11.0,78.87051446125135,18.526177791988253,1,4,"Small scratch, almost no damage",-0.2711887727803996,0
1,1,Auto,120.0,50000.0,500.0,2023-01-10,,Active,Alice,Chen,32,Female,Single,New York,90398.81850924279,731,Employed,75,22,45,2,2,4700.0,3.0,2024-06-10,205.0,85.75840903196719,24.21949384312523,0,4,Theft incident reported in neighborhood,-0.07762569961431103,1
2,2,Home,95.0,350000.0,1000.0,2022-05-01,,Active,Bob,Martinez,45,Male,Married,California,118681.53063277436,698,Employed,82,18,30,1,1,12000.0,5.0,2024-05-18,228.0,63.63561535825271,24.205621478578458,0,2,Car vandalized overnight,0.04488789493575779,1
3,3,Auto,140.0,60000.0,750.0,2023-03-15,,Active,Carol,Wong,29,Female,Single,Texas,66207.89144079908,665,Self-Employed,60,5,120,3,1,8000.0,4.0,2024-03-21,286.0,73.4664101350771,28.451773629396204,0,2,Windshield cracked by falling debris,-0.02570415263569298,1
4,4,Life,200.0,250000.0,0.0,2020-07-20,,Active,Daniel,Kim,52,Male,Married,Illinois,126503.6077026793,771,Employed,88,25,20,1,0,0.0,1.0,,9999.0,83.63734048848777,15.520318532053214,0,1,Minor accident but resolved quickly,0.1312497089633889,0
5,5,Auto,110.0,45000.0,500.0,2022-11-11,,Active,Eva,Lopez,40,Female,Married,Florida,84265.16571015246,715,Employed,69,10,75,2,1,2200.0,2.0,2024-09-01,122.0,66.00648581925242,16.650493004921803,0,2,Water leak caused interior damage,0.045481056570950314,0
6,6,Auto,175.0,40000.0,1000.0,2023-02-01,,Active,Frank,Ng,37,Male,Single,Washington,80861.55902207637,632,Unemployed,40,2,180,4,0,0.0,1.0,,9999.0,71.58786606933964,23.626274824554166,0,5,Severe collision with significant damage,0.35615448377950754,1
7,7,Home,130.0,500000.0,1500.0,2021-09-12,,Active,Grace,Patel,50,Female,Widowed,New Jersey,101212.42266440231,755,Employed,95,30,15,1,1,9000.0,4.0,2024-11-30,32.0,84.82361546690267,20.923013277993455,0,2,Car vandalized overnight,0.03795451976941985,0
8,8,Auto,105.0,30000.0,500.0,2023-05-01,,Active,Henry,Smith,28,Male,Single,Nevada,64666.00331970042,610,Student,55,8,200,3,0,0.0,1.0,,9999.0,83.66265877361066,28.885483995571644,0,4,Water leak caused interior damage,-0.05190442519081434,0
9,9,Health,220.0,1000000.0,100.0,2019-10-01,,Active,Isabella,Rossi,34,Female,Married,Colorado,84159.96975931933,717,Employed,78,17,40,2,1,1500.0,2.0,2024-04-03,273.0,64.50681404849153,21.551855546872734,0,4,Severe collision with significant damage,0.4229359714161999,0
10,10,Auto,150.0,55000.0,750.0,2023-01-30,,Active,Jason,Liu,47,Male,Married,Massachusetts,105997.51887770824,707,Employed,65,11,90,2,1,5000.0,3.0,2025-01-12,-11.0,72.07473375018789,18.526177791988253,1,4,"Small scratch, almost no damage",-0.23290474893672647,1
1,1,Auto,120.0,50000.0,500.0,2023-01-10,,Active,Alice,Chen,32,Female,Single,New York,94719.39091461587,708,Employed,75,22,45,2,2,4700.0,3.0,2024-06-10,205.0,68.95509000986337,24.21949384312523,0,4,Theft incident reported in neighborhood,-0.004428951540983411,1
2,2,Home,95.0,350000.0,1000.0,2022-05-01,,Active,Bob,Martinez,45,Male,Married,California,127798.93038240491,695,Employed,82,18,30,1,1,12000.0,5.0,2024-05-18,228.0,62.23054641070848,24.205621478578458,0,2,Car vandalized overnight,0.006544674397189785,0
3,3,Auto,140.0,60000.0,750.0,2023-03-15,,Active,Carol,Wong,29,Female,Single,Texas,65744.93423150785,641,Self-Employed,60,5,120,3,1,8000.0,4.0,2024-03-21,286.0,75.10884882427261,28.451773629396204,0,2,Windshield cracked by falling debris,-0.06433806473263683,1
4,4,Life,200.0,250000.0,0.0,2020-07-20,,Active,Daniel,Kim,52,Male,Married,Illinois,120727.17880256048,784,Employed,88,25,20,1,0,0.0,1.0,,9999.0,87.59975357392302,15.520318532053214,0,1,Minor accident but resolved quickly,0.14706670386401516,0
5,5,Auto,110.0,45000.0,500.0,2022-11-11,,Active,Eva,Lopez,40,Female,Married,Florida,88573.87164022369,703,Employed,69,10,75,2,1,2200.0,2.0,2024-09-01,122.0,72.57441141024177,16.650493004921803,0,2,Water leak caused interior damage,-0.007083489267830193,1
6,6,Auto,175.0,40000.0,1000.0,2023-02-01,,Active,Frank,Ng,37,Male,Single,Washington,75953.1850484858,622,Unemployed,40,2,180,4,0,0.0,1.0,,9999.0,70.38670936536279,23.626274824554166,0,5,Severe collision with significant damage,0.31202836947812185,1
7,7,Home,130.0,500000.0,1500.0,2021-09-12,,Active,Grace,Patel,50,Female,Widowed,New Jersey,97729.12386089723,777,Employed,95,30,15,1,1,9000.0,4.0,2024-11-30,32.0,85.59478877776749,20.923013277993455,0,2,Car vandalized overnight,-0.033553771345327194,0
8,8,Auto,105.0,30000.0,500.0,2023-05-01,,Active,Henry,Smith,28,Male,Single,Nevada,59113.91161326113,607,Student,55,8,200,3,0,0.0,1.0,,9999.0,80.84387788332359,28.885483995571644,0,4,Water leak caused interior damage,-0.006462262897625907,1
9,9,Health,220.0,1000000.0,100.0,2019-10-01,,Active,Isabella,Rossi,34,Female,Married,Colorado,76685.36785464882,734,Employed,78,17,40,2,1,1500.0,2.0,2024-04-03,273.0,70.97249244554955,21.551855546872734,0,4,Severe collision with significant damage,0.3446353907526079,0
10,10,Auto,150.0,55000.0,750.0,2023-01-30,,Active,Jason,Liu,47,Male,Married,Massachusetts,113686.5388734154,684,Employed,65,11,90,2,1,5000.0,3.0,2025-01-12,-11.0,84.00639020715172,18.526177791988253,1,4,"Small scratch, almost no damage",-0.37060569525252085,1
1,1,Auto,120.0,50000.0,500.0,2023-01-10,,Active,Alice,Chen,32,Female,Single,New York,85254.53296147422,701,Employed,75,22,45,2,2,4700.0,3.0,2024-06-10,205.0,74.7029457899204,24.21949384312523,0,4,Theft incident reported in neighborhood,0.053819376980443305,1
2,2,Home,95.0,350000.0,1000.0,2022-05-01,,Active,Bob,Martinez,45,Male,Married,California,123806.05625177182,706,Employed,82,18,30,1,1,12000.0,5.0,2024-05-18,228.0,72.17398210476578,24.205621478578458,0,2,Car vandalized overnight,-0.007104493754483271,1
3,3,Auto,140.0,60000.0,750.0,2023-03-15,,Active,Carol,Wong,29,Female,Single,Texas,72888.81338483175,661,Self-Employed,60,5,120,3,1,8000.0,4.0,2024-03-21,286.0,83.33208392475962,28.451773629396204,0,2,Windshield cracked by falling debris,-0.11369751046182726,1
4,4,Life,200.0,250000.0,0.0,2020-07-20,,Active,Daniel,Kim,52,Male,Married,Illinois,126302.70574365341,772,Employed,88,25,20,1,0,0.0,1.0,,9999.0,82.24807058418276,15.520318532053214,0,1,Minor accident but resolved quickly,0.24841481365063642,0
5,5,Auto,110.0,45000.0,500.0,2022-11-11,,Active,Eva,Lopez,40,Female,Married,Florida,86917.91115666358,711,Employed,69,10,75,2,1,2200.0,2.0,2024-09-01,122.0,65.14053115468117,16.650493004921803,0,2,Water leak caused interior damage,0.06206961656565945,0
6,6,Auto,175.0,40000.0,1000.0,2023-02-01,,Active,Frank,Ng,37,Male,Single,Washington,72503.88282543783,655,Unemployed,40,2,180,4,0,0.0,1.0,,9999.0,76.07043145430289,23.626274824554166,0,5,Severe collision with significant damage,0.35755089744658325,1
7,7,Home,130.0,500000.0,1500.0,2021-09-12,,Active,Grace,Patel,50,Female,Widowed,New Jersey,110285.48943875513,764,Employed,95,30,15,1,1,9000.0,4.0,2024-11-30,32.0,87.74640934560509,20.923013277993455,0,2,Car vandalized overnight,-0.04212487456833505,1
8,8,Auto,105.0,30000.0,500.0,2023-05-01,,Active,Henry,Smith,28,Male,Single,Nevada,60596.0214676013,606,Student,55,8,200,3,0,0.0,1.0,,9999.0,67.49341129103053,28.885483995571644,0,4,Water leak caused interior damage,0.0201595605380261,1
9,9,Health,220.0,1000000.0,100.0,2019-10-01,,Active,Isabella,Rossi,34,Female,Married,Colorado,83250.24238545226,733,Employed,78,17,40,2,1,1500.0,2.0,2024-04-03,273.0,63.88246012723369,21.551855546872734,0,4,Severe collision with significant damage,0.3851163407442071,1
10,10,Auto,150.0,55000.0,750.0,2023-01-30,,Active,Jason,Liu,47,Male,Married,Massachusetts,102477.23292290195,684,Employed,65,11,90,2,1,5000.0,3.0,2025-01-12,-11.0,81.00922251949503,18.526177791988253,1,4,"Small scratch, almost no damage",-0.22289550375998132,0
1,1,Auto,120.0,50000.0,500.0,2023-01-10,,Active,Alice,Chen,32,Female,Single,New York,85572.86180999009,732,Employed,75,22,45,2,2,4700.0,3.0,2024-06-10,205.0,75.98661158333837,24.21949384312523,0,4,Theft incident reported in neighborhood,-0.04198101366275242,1
2,2,Home,95.0,350000.0,1000.0,2022-05-01,,Active,Bob,Martinez,45,Male,Married,California,123913.17192846503,688,Employed,82,18,30,1,1,12000.0,5.0,2024-05-18,228.0,71.20228417314831,24.205621478578458,0,2,Car vandalized overnight,0.054888601048581655,1
3,3,Auto,140.0,60000.0,750.0,2023-03-15,,Active,Carol,Wong,29,Female,Single,Texas,71447.86034024063,639,Self-Employed,60,5,120,3,1,8000.0,4.0,2024-03-21,286.0,81.52515044783124,28.451773629396204,0,2,Windshield cracked by falling debris,-0.02367310615877747,1
4,4,Life,200.0,250000.0,0.0,2020-07-20,,Active,Daniel,Kim,52,Male,Married,Illinois,137493.5977556654,789,Employed,88,25,20,1,0,0.0,1.0,,9999.0,86.85660847116718,15.520318532053214,0,1,Minor accident but resolved quickly,0.17570495409944503,1
5,5,Auto,110.0,45000.0,500.0,2022-11-11,,Active,Eva,Lopez,40,Female,Married,Florida,90052.0020259805,693,Employed,69,10,75,2,1,2200.0,2.0,2024-09-01,122.0,65.11258755766245,16.650493004921803,0,2,Water leak caused interior damage,-0.039846963022851206,1
6,6,Auto,175.0,40000.0,1000.0,2023-02-01,,Active,Frank,Ng,37,Male,Single,Washington,75246.2744825018,670,Unemployed,40,2,180,4,0,0.0,1.0,,9999.0,67.80412042042693,23.626274824554166,0,5,Severe collision with significant damage,0.5074071992876743,0
7,7,Home,130.0,500000.0,1500.0,2021-09-12,,Active,Grace,Patel,50,Female,Widowed,New Jersey,93226.93530116085,793,Employed,95,30,15,1,1,9000.0,4.0,2024-11-30,32.0,89.66166947780823,20.923013277993455,0,2,Car vandalized overnight,0.03477616744826292,1
8,8,Auto,105.0,30000.0,500.0,2023-05-01,,Active,Henry,Smith,28,Male,Single,Nevada,56397.868459251426,617,Student,55,8,200,3,0,0.0,1.0,,9999.0,79.4255240292228,28.885483995571644,0,4,Water leak caused interior damage,0.14421161382868233,0
9,9,Health,220.0,1000000.0,100.0,2019-10-01,,Active,Isabella,Rossi,34,Female,Married,Colorado,80923.77582555266,736,Employed,78,17,40,2,1,1500.0,2.0,2024-04-03,273.0,64.74693345951044,21.551855546872734,0,4,Severe collision with significant damage,0.41638009881630234,0
10,10,Auto,150.0,55000.0,750.0,2023-01-30,,Active,Jason,Liu,47,Male,Married,Massachusetts,107136.09677229518,695,Employed,65,11,90,2,1,5000.0,3.0,2025-01-12,-11.0,73.51653598454863,18.526177791988253,1,4,"Small scratch, almost no damage",-0.2780732178434342,1
1,1,Auto,120.0,50000.0,500.0,2023-01-10,,Active,Alice,Chen,32,Female,Single,New York,87755.35298813114,713,Employed,75,22,45,2,2,4700.0,3.0,2024-06-10,205.0,78.96171747645859,24.21949384312523,0,4,Theft incident reported in neighborhood,0.04146903967945981,1
2,2,Home,95.0,350000.0,1000.0,2022-05-01,,Active,Bob,Martinez,45,Male,Married,California,121867.13020105945,694,Employed,82,18,30,1,1,12000.0,5.0,2024-05-18,228.0,70.73775617439765,24.205621478578458,0,2,Car vandalized overnight,0.04502889090966082,1
3,3,Auto,140.0,60000.0,750.0,2023-03-15,,Active,Carol,Wong,29,Female,Single,Texas,73469.48101888798,637,Self-Employed,60,5,120,3,1,8000.0,4.0,2024-03-21,286.0,72.42822899066648,28.451773629396204,0,2,Windshield cracked by falling debris,0.018666207224888126,1
4,4,Life,200.0,250000.0,0.0,2020-07-20,,Active,Daniel,Kim,52,Male,Married,Illinois,138833.01530461028,787,Employed,88,25,20,1,0,0.0,1.0,,9999.0,86.71970900855243,15.520318532053214,0,1,Minor accident but resolved quickly,0.17318629026826948,0
5,5,Auto,110.0,45000.0,500.0,2022-11-11,,Active,Eva,Lopez,40,Female,Married,Florida,90909.04563653827,723,Employed,69,10,75,2,1,2200.0,2.0,2024-09-01,122.0,67.56247899347775,16.650493004921803,0,2,Water leak caused interior damage,0.03808635647038378,1
6,6,Auto,175.0,40000.0,1000.0,2023-02-01,,Active,Frank,Ng,37,Male,Single,Washington,77991.92173624766,635,Unemployed,40,2,180,4,0,0.0,1.0,,9999.0,65.05310450750514,23.626274824554166,0,5,Severe collision with significant damage,0.32531594946171294,1
7,7,Home,130.0,500000.0,1500.0,2021-09-12,,Active,Grace,Patel,50,Female,Widowed,New Jersey,104020.40864919862,762,Employed,95,30,15,1,1,9000.0,4.0,2024-11-30,32.0,91.50004169643988,20.923013277993455,0,2,Car vandalized overnight,-0.05324292023649762,1
8,8,Auto,105.0,30000.0,500.0,2023-05-01,,Active,Henry,Smith,28,Male,Single,Nevada,57970.25085636807,592,Student,55,8,200,3,0,0.0,1.0,,9999.0,78.94168659600636,28.885483995571644,0,4,Water leak caused interior damage,-0.03971084993072168,1
9,9,Health,220.0,1000000.0,100.0,2019-10-01,,Active,Isabella,Rossi,34,Female,Married,Colorado,78682.6760067208,751,Employed,78,17,40,2,1,1500.0,2.0,2024-04-03,273.0,65.04259748660132,21.551855546872734,0,4,Severe collision with significant damage,0.3813771197185255,1
10,10,Auto,150.0,55000.0,750.0,2023-01-30,,Active,Jason,Liu,47,Male,Married,Massachusetts,109612.69585042636,683,Employed,65,11,90,2,1,5000.0,3.0,2025-01-12,-11.0,74.90788329309929,18.526177791988253,1,4,"Small scratch, almost no damage",-0.261158558573671,1
1,1,Auto,120.0,50000.0,500.0,2023-01-10,,Active,Alice,Chen,32,Female,Single,New York,83097.8778233426,718,Employed,75,22,45,2,2,4700.0,3.0,2024-06-10,205.0,67.98769454249233,24.21949384312523,0,4,Theft incident reported in neighborhood,-0.048778528296147435,0
2,2,Home,95.0,350000.0,1000.0,2022-05-01,,Active,Bob,Martinez,45,Male,Married,California,124062.74778025394,694,Employed,82,18,30,1,1,12000.0,5.0,2024-05-18,228.0,60.13943509969599,24.205621478578458,0,2,Car vandalized overnight,0.03876571052598235,1
3,3,Auto,140.0,60000.0,750.0,2023-03-15,,Active,Carol,Wong,29,Female,Single,Texas,65490.75783329079,654,Self-Employed,60,5,120,3,1,8000.0,4.0,2024-03-21,286.0,80.13070064397643,28.451773629396204,0,2,Windshield cracked by falling debris,0.014152241006823989,0
4,4,Life,200.0,250000.0,0.0,2020-07-20,,Active,Daniel,Kim,52,Male,Married,Illinois,140006.6058855993,791,Employed,88,25,20,1,0,0.0,1.0,,9999.0,89.34400658285388,15.520318532053214,0,1,Minor accident but resolved quickly,0.15011311623520937,1
5,5,Auto,110.0,45000.0,500.0,2022-11-11,,Active,Eva,Lopez,40,Female,Married,Florida,88532.10720447847,705,Employed,69,10,75,2,1,2200.0,2.0,2024-09-01,122.0,68.9448083287243,16.650493004921803,0,2,Water leak caused interior damage,-0.012899465258696778,1
6,6,Auto,175.0,40000.0,1000.0,2023-02-01,,Active,Frank,Ng,37,Male,Single,Washington,76889.58657135743,623,Unemployed,40,2,180,4,0,0.0,1.0,,9999.0,67.72824788486149,23.626274824554166,0,5,Severe collision with significant damage,0.35608859488172134,1
7,7,Home,130.0,500000.0,1500.0,2021-09-12,,Active,Grace,Patel,50,Female,Widowed,New Jersey,100665.66059505155,751,Employed,95,30,15,1,1,9000.0,4.0,2024-11-30,32.0,89.80882339958276,20.923013277993455,0,2,Car vandalized overnight,-0.042066558090448826,1
8,8,Auto,105.0,30000.0,500.0,2023-05-01,,Active,Henry,Smith,28,Male,Single,Nevada,56096.08076683334,602,Student,55,8,200,3,0,0.0,1.0,,9999.0,83.08531024431007,28.885483995571644,0,4,Water leak caused interior damage,0.04668701462686689,0
9,9,Health,220.0,1000000.0,100.0,2019-10-01,,Active,Isabella,Rossi,34,Female,Married,Colorado,79920.44108203684,716,Employed,78,17,40,2,1,1500.0,2.0,2024-04-03,273.0,66.14478485838623,21.551855546872734,0,4,Severe collision with significant damage,0.33982535591734064,0
10,10,Auto,150.0,55000.0,750.0,2023-01-30,,Active,Jason,Liu,47,Male,Married,Massachusetts,111334.57412580239,686,Employed,65,11,90,2,1,5000.0,3.0,2025-01-12,-11.0,80.67435792425603,18.526177791988253,1,4,"Small scratch, almost no damage",-0.23953047666535915,1
1,1,Auto,120.0,50000.0,500.0,2023-01-10,,Active,Alice,Chen,32,Female,Single,New York,84742.82925155801,739,Employed,75,22,45,2,2,4700.0,3.0,2024-06-10,205.0,76.64641720104119,24.21949384312523,0,4,Theft incident reported in neighborhood,0.08310051981360167,0
2,2,Home,95.0,350000.0,1000.0,2022-05-01,,Active,Bob,Martinez,45,Male,Married,California,114629.17376597486,685,Employed,82,18,30,1,1,12000.0,5.0,2024-05-18,228.0,67.1393014238667,24.205621478578458,0,2,Car vandalized overnight,-0.016612887234467532,1
3,3,Auto,140.0,60000.0,750.0,2023-03-15,,Active,Carol,Wong,29,Female,Single,Texas,74805.71697410468,645,Self-Employed,60,5,120,3,1,8000.0,4.0,2024-03-21,286.0,78.5490739058333,28.451773629396204,0,2,Windshield cracked by falling debris,0.04803510703595973,0
4,4,Life,200.0,250000.0,0.0,2020-07-20,,Active,Daniel,Kim,52,Male,Married,Illinois,135350.79793144696,780,Employed,88,25,20,1,0,0.0,1.0,,9999.0,84.93164675094711,15.520318532053214,0,1,Minor accident but resolved quickly,0.17010211746845033,1
5,5,Auto,110.0,45000.0,500.0,2022-11-11,,Active,Eva,Lopez,40,Female,Married,Florida,86822.78969934591,704,Employed,69,10,75,2,1,2200.0,2.0,2024-09-01,122.0,65.67077178767232,16.650493004921803,0,2,Water leak caused interior damage,0.015573378163052676,1
6,6,Auto,175.0,40000.0,1000.0,2023-02-01,,Active,Frank,Ng,37,Male,Single,Washington,81483.0720938691,639,Unemployed,40,2,180,4,0,0.0,1.0,,9999.0,67.90064175116999,23.626274824554166,0,5,Severe collision with significant damage,0.39651742209523766,1
7,7,Home,130.0,500000.0,1500.0,2021-09-12,,Active,Grace,Patel,50,Female,Widowed,New Jersey,102469.5592388813,778,Employed,95,30,15,1,1,9000.0,4.0,2024-11-30,32.0,89.60782711369275,20.923013277993455,0,2,Car vandalized overnight,-0.0047453284635465155,1
8,8,Auto,105.0,30000.0,500.0,2023-05-01,,Active,Henry,Smith,28,Male,Single,Nevada,55199.32001439356,623,Student,55,8,200,3,0,0.0,1.0,,9999.0,78.78354122982296,28.885483995571644,0,4,Water leak caused interior damage,0.001738798439672023,0
9,9,Health,220.0,1000000.0,100.0,2019-10-01,,Active,Isabella,Rossi,34,Female,Married,Colorado,75822.02101440048,745,Employed,78,17,40,2,1,1500.0,2.0,2024-04-03,273.0,58.813568528083756,21.551855546872734,0,4,Severe collision with significant damage,0.34759430258871377,1
10,10,Auto,150.0,55000.0,750.0,2023-01-30,,Active,Jason,Liu,47,Male,Married,Massachusetts,109110.42112044863,720,Employed,65,11,90,2,1,5000.0,3.0,2025-01-12,-11.0,79.05635870871444,18.526177791988253,1,4,"Small scratch, almost no damage",-0.24792714394329557,0
1,1,Auto,120.0,50000.0,500.0,2023-01-10,,Active,Alice,Chen,32,Female,Single,New York,86189.22791539929,728,Employed,75,22,45,2,2,4700.0,3.0,2024-06-10,205.0,79.297483462533,24.21949384312523,0,4,Theft incident reported in neighborhood,-0.029261299789174855,0
2,2,Home,95.0,350000.0,1000.0,2022-05-01,,Active,Bob,Martinez,45,Male,Married,California,122491.19932585569,723,Employed,82,18,30,1,1,12000.0,5.0,2024-05-18,228.0,74.91559036695475,24.205621478578458,0,2,Car vandalized overnight,0.050282754653829864,1
3,3,Auto,140.0,60000.0,750.0,2023-03-15,,Active,Carol,Wong,29,Female,Single,Texas,71800.71391811427,639,Self-Employed,60,5,120,3,1,8000.0,4.0,2024-03-21,286.0,79.53936644356324,28.451773629396204,0,2,Windshield cracked by falling debris,-0.08497487143392221,1
4,4,Life,200.0,250000.0,0.0,2020-07-20,,Active,Daniel,Kim,52,Male,Married,Illinois,137158.28962560056,811,Employed,88,25,20,1,0,0.0,1.0,,9999.0,88.28220561366224,15.520318532053214,0,1,Minor accident but resolved quickly,0.16571933122294077,1
5,5,Auto,110.0,45000.0,500.0,2022-11-11,,Active,Eva,Lopez,40,Female,Married,Florida,95386.98391456399,705,Employed,69,10,75,2,1,2200.0,2.0,2024-09-01,122.0,63.138041464879365,16.650493004921803,0,2,Water leak caused interior damage,0.016829335071113987,1
6,6,Auto,175.0,40000.0,1000.0,2023-02-01,,Active,Frank,Ng,37,Male,Single,Washington,75507.17263872188,636,Unemployed,40,2,180,4,0,0.0,1.0,,9999.0,73.15842799405407,23.626274824554166,0,5,Severe collision with significant damage,0.3873007982088017,0
7,7,Home,130.0,500000.0,1500.0,2021-09-12,,Active,Grace,Patel,50,Female,Widowed,New Jersey,96961.4424780871,769,Employed,95,30,15,1,1,9000.0,4.0,2024-11-30,32.0,89.9418856935848,20.923013277993455,0,2,Car vandalized overnight,0.05122494744327433,1
8,8,Auto,105.0,30000.0,500.0,2023-05-01,,Active,Henry,Smith,28,Male,Single,Nevada,59986.5965213641,607,Student,55,8,200,3,0,0.0,1.0,,9999.0,79.98270944513673,28.885483995571644,0,4,Water leak caused interior damage,-0.014306179502147368,1
9,9,Health,220.0,1000000.0,100.0,2019-10-01,,Active,Isabella,Rossi,34,Female,Married,Colorado,79724.07735861684,731,Employed,78,17,40,2,1,1500.0,2.0,2024-04-03,273.0,63.35008257606518,21.551855546872734,0,4,Severe collision with significant damage,0.38777169222860247,1
10,10,Auto,150.0,55000.0,750.0,2023-01-30,,Active,Jason,Liu,47,Male,Married,Massachusetts,99687.13828135002,682,Employed,65,11,90,2,1,5000.0,3.0,2025-01-12,-11.0,75.23884225729213,18.526177791988253,1,4,"Small scratch, almost no damage",-0.3358270944093227,0
1,1,Auto,120.0,50000.0,500.0,2023-01-10,,Active,Alice,Chen,32,Female,Single,New York,82754.53256361737,732,Employed,75,22,45,2,2,4700.0,3.0,2024-06-10,205.0,78.71363677233818,24.21949384312523,0,4,Theft incident reported in neighborhood,-0.020765844106761158,1
2,2,Home,95.0,350000.0,1000.0,2022-05-01,,Active,Bob,Martinez,45,Male,Married,California,121256.8149318018,682,Employed,82,18,30,1,1,12000.0,5.0,2024-05-18,228.0,64.25506589531142,24.205621478578458,0,2,Car vandalized overnight,0.04278682155876121,0
3,3,Auto,140.0,60000.0,750.0,2023-03-15,,Active,Carol,Wong,29,Female,Single,Texas,66303.13773915285,659,Self-Employed,60,5,120,3,1,8000.0,4.0,2024-03-21,286.0,84.27398989384344,28.451773629396204,0,2,Windshield cracked by falling debris,-0.06695808677682409,1
4,4,Life,200.0,250000.0,0.0,2020-07-20,,Active,Daniel,Kim,52,Male,Married,Illinois,132415.162552708,802,Employed,88,25,20,1,0,0.0,1.0,,9999.0,93.90646410704979,15.520318532053214,0,1,Minor accident but resolved quickly,0.1496538350192039,1
5,5,Auto,110.0,45000.0,500.0,2022-11-11,,Active,Eva,Lopez,40,Female,Married,Florida,93645.50478321826,705,Employed,69,10,75,2,1,2200.0,2.0,2024-09-01,122.0,65.7739133158516,16.650493004921803,0,2,Water leak caused interior damage,-0.03387585359418986,1
6,6,Auto,175.0,40000.0,1000.0,2023-02-01,,Active,Frank,Ng,37,Male,Single,Washington,71333.81670089824,651,Unemployed,40,2,180,4,0,0.0,1.0,,9999.0,63.73489825311767,23.626274824554166,0,5,Severe collision with significant damage,0.36945065141141326,1
7,7,Home,130.0,500000.0,1500.0,2021-09-12,,Active,Grace,Patel,50,Female,Widowed,New Jersey,102846.4906018833,778,Employed,95,30,15,1,1,9000.0,4.0,2024-11-30,32.0,80.88972983266704,20.923013277993455,0,2,Car vandalized overnight,-0.030883874438079863,0
8,8,Auto,105.0,30000.0,500.0,2023-05-01,,Active,Henry,Smith,28,Male,Single,Nevada,54669.02211684686,643,Student,55,8,200,3,0,0.0,1.0,,9999.0,74.203561259898,28.885483995571644,0,4,Water leak caused interior damage,-0.06235978021467153,1
9,9,Health,220.0,1000000.0,100.0,2019-10-01,,Active,Isabella,Rossi,34,Female,Married,Colorado,91043.04774290473,723,Employed,78,17,40,2,1,1500.0,2.0,2024-04-03,273.0,67.28595334031208,21.551855546872734,0,4,Severe collision with significant damage,0.39430016574799004,1
10,10,Auto,150.0,55000.0,750.0,2023-01-30,,Active,Jason,Liu,47,Male,Married,Massachusetts,109137.25789239498,701,Employed,65,11,90,2,1,5000.0,3.0,2025-01-12,-11.0,77.77208795863419,18.526177791988253,1,4,"Small scratch, almost no damage",-0.2524798381012373,1
1,1,Auto,120.0,50000.0,500.0,2023-01-10,,Active,Alice,Chen,32,Female,Single,New York,83706.93884281577,696,Employed,75,22,45,2,2,4700.0,3.0,2024-06-10,205.0,77.93518409735914,24.21949384312523,0,4,Theft incident reported in neighborhood,0.030631455984359963,0
2,2,Home,95.0,350000.0,1000.0,2022-05-01,,Active,Bob,Martinez,45,Male,Married,California,124572.26361155967,683,Employed,82,18,30,1,1,12000.0,5.0,2024-05-18,228.0,60.958509844649136,24.205621478578458,0,2,Car vandalized overnight,0.03972189539994305,0
3,3,Auto,140.0,60000.0,750.0,2023-03-15,,Active,Carol,Wong,29,Female,Single,Texas,66325.18063677421,655,Self-Employed,60,5,120,3,1,8000.0,4.0,2024-03-21,286.0,76.18899997679766,28.451773629396204,0,2,Windshield cracked by falling debris,0.06126293685445075,1
4,4,Life,200.0,250000.0,0.0,2020-07-20,,Active,Daniel,Kim,52,Male,Married,Illinois,140819.71123330266,800,Employed,88,25,20,1,0,0.0,1.0,,9999.0,93.74544950202463,15.520318532053214,0,1,Minor accident but resolved quickly,0.1483410039387999,1
5,5,Auto,110.0,45000.0,500.0,2022-11-11,,Active,Eva,Lopez,40,Female,Married,Florida,91486.3753219461,692,Employed,69,10,75,2,1,2200.0,2.0,2024-09-01,122.0,66.80604988204254,16.650493004921803,0,2,Water leak caused interior damage,0.06343105123016042,0
6,6,Auto,175.0,40000.0,1000.0,2023-02-01,,Active,Frank,Ng,37,Male,Single,Washington,74526.40839781509,651,Unemployed,40,2,180,4,0,0.0,1.0,,9999.0,62.1011775781139,23.626274824554166,0,5,Severe collision with significant damage,0.3262112746304523,1
7,7,Home,130.0,500000.0,1500.0,2021-09-12,,Active,Grace,Patel,50,Female,Widowed,New Jersey,99099.9763865185,770,Employed,95,30,15,1,1,9000.0,4.0,2024-11-30,32.0,88.5041444627171,20.923013277993455,0,2,Car vandalized overnight,0.045447991461406566,0
8,8,Auto,105.0,30000.0,500.0,2023-05-01,,Active,Henry,Smith,28,Male,Single,Nevada,64830.36868172105,588,Student,55,8,200,3,0,0.0,1.0,,9999.0,76.1251470763739,28.885483995571644,0,4,Water leak caused interior damage,0.02296952081639268,1
9,9,Health,220.0,1000000.0,100.0,2019-10-01,,Active,Isabella,Rossi,34,Female,Married,Colorado,80921.948858414,732,Employed,78,17,40,2,1,1500.0,2.0,2024-04-03,273.0,65.70102360856217,21.551855546872734,0,4,Severe collision with significant damage,0.38665463262573935,0
10,10,Auto,150.0,55000.0,750.0,2023-01-30,,Active,Jason,Liu,47,Male,Married,Massachusetts,111729.23492476308,715,Employed,65,11,90,2,1,5000.0,3.0,2025-01-12,-11.0,76.59290203858244,18.526177791988253,1,4,"Small scratch, almost no damage",-0.22776338829184414,0
1,1,Auto,120.0,50000.0,500.0,2023-01-10,,Active,Alice,Chen,32,Female,Single,New York,87164.00749041451,704,Employed,75,22,45,2,2,4700.0,3.0,2024-06-10,205.0,78.13375649246396,24.21949384312523,0,4,Theft incident reported in neighborhood,-0.0480369439167731,0
2,2,Home,95.0,350000.0,1000.0,2022-05-01,,Active,Bob,Martinez,45,Male,Married,California,120531.74474089076,689,Employed,82,18,30,1,1,12000.0,5.0,2024-05-18,228.0,63.46913387888533,24.205621478578458,0,2,Car vandalized overnight,-0.05983734049625114,0
3,3,Auto,140.0,60000.0,750.0,2023-03-15,,Active,Carol,Wong,29,Female,Single,Texas,70079.48890539994,636,Self-Employed,60,5,120,3,1,8000.0,4.0,2024-03-21,286.0,75.97739618254792,28.451773629396204,0,2,Windshield cracked by falling debris,0.08549140930384992,1
4,4,Life,200.0,250000.0,0.0,2020-07-20,,Active,Daniel,Kim,52,Male,Married,Illinois,134526.70630927605,773,Employed,88,25,20,1,0,0.0,1.0,,9999.0,92.63809564249274,15.520318532053214,0,1,Minor accident but resolved quickly,0.13323055775680315,0
5,5,Auto,110.0,45000.0,500.0,2022-11-11,,Active,Eva,Lopez,40,Female,Married,Florida,89800.7654726937,731,Employed,69,10,75,2,1,2200.0,2.0,2024-09-01,122.0,61.77303928557804,16.650493004921803,0,2,Water leak caused interior damage,-0.009149671090335031,1
6,6,Auto,175.0,40000.0,1000.0,2023-02-01,,Active,Frank,Ng,37,Male,Single,Washington,70523.54028789316,636,Unemployed,40,2,180,4,0,0.0,1.0,,9999.0,63.17790845244993,23.626274824554166,0,5,Severe collision with significant damage,0.3198845262879354,0
7,7,Home,130.0,500000.0,1500.0,2021-09-12,,Active,Grace,Patel,50,Female,Widowed,New Jersey,101191.04100367358,791,Employed,95,30,15,1,1,9000.0,4.0,2024-11-30,32.0,89.74774302605697,20.923013277993455,0,2,Car vandalized overnight,-0.07408891527484185,0
8,8,Auto,105.0,30000.0,500.0,2023-05-01,,Active,Henry,Smith,28,Male,Single,Nevada,53121.835973151115,626,Student,55,8,200,3,0,0.0,1.0,,9999.0,80.35613610617007,28.885483995571644,0,4,Water leak caused interior damage,-0.004415943940614104,0
9,9,Health,220.0,1000000.0,100.0,2019-10-01,,Active,Isabella,Rossi,34,Female,Married,Colorado,81134.23228244366,725,Employed,78,17,40,2,1,1500.0,2.0,2024-04-03,273.0,62.4109079978095,21.551855546872734,0,4,Severe collision with significant damage,0.3579206039245636,1
10,10,Auto,150.0,55000.0,750.0,2023-01-30,,Active,Jason,Liu,47,Male,Married,Massachusetts,108877.53593534074,683,Employed,65,11,90,2,1,5000.0,3.0,2025-01-12,-11.0,75.39698899247618,18.526177791988253,1,4,"Small scratch, almost no damage",-0.24991328216287745,1
1,1,Auto,120.0,50000.0,500.0,2023-01-10,,Active,Alice,Chen,32,Female,Single,New York,86498.34043780391,707,Employed,75,22,45,2,2,4700.0,3.0,2024-06-10,205.0,78.09347208235737,24.21949384312523,0,4,Theft incident reported in neighborhood,0.004357697019108742,1
2,2,Home,95.0,350000.0,1000.0,2022-05-01,,Active,Bob,Martinez,45,Male,Married,California,115804.68666367329,677,Employed,82,18,30,1,1,12000.0,5.0,2024-05-18,228.0,71.73936839298526,24.205621478578458,0,2,Car vandalized overnight,0.12447305406303469,0
3,3,Auto,140.0,60000.0,750.0,2023-03-15,,Active,Carol,Wong,29,Female,Single,Texas,59522.57052784543,655,Self-Employed,60,5,120,3,1,8000.0,4.0,2024-03-21,286.0,73.49537579604927,28.451773629396204,0,2,Windshield cracked by falling debris,-0.01692899903694774,1
4,4,Life,200.0,250000.0,0.0,2020-07-20,,Active,Daniel,Kim,52,Male,Married,Illinois,133596.53877210585,780,Employed,88,25,20,1,0,0.0,1.0,,9999.0,89.73363635940811,15.520318532053214,0,1,Minor accident but resolved quickly,0.22066367206383902,0
5,5,Auto,110.0,45000.0,500.0,2022-11-11,,Active,Eva,Lopez,40,Female,Married,Florida,85816.34932457161,701,Employed,69,10,75,2,1,2200.0,2.0,2024-09-01,122.0,73.23822350334285,16.650493004921803,0,2,Water leak caused interior damage,0.08210121075224726,0
6,6,Auto,175.0,40000.0,1000.0,2023-02-01,,Active,Frank,Ng,37,Male,Single,Washington,67877.77326715807,617,Unemployed,40,2,180,4,0,0.0,1.0,,9999.0,66.7267882711653,23.626274824554166,0,5,Severe collision with significant damage,0.4126812142635992,0
7,7,Home,130.0,500000.0,1500.0,2021-09-12,,Active,Grace,Patel,50,Female,Widowed,New Jersey,103071.93307877828,771,Employed,95,30,15,1,1,9000.0,4.0,2024-11-30,32.0,84.63119717093463,20.923013277993455,0,2,Car vandalized overnight,-0.011756316627455585,1
8,8,Auto,105.0,30000.0,500.0,2023-05-01,,Active,Henry,Smith,28,Male,Single,Nevada,66404.95290856816,603,Student,55,8,200,3,0,0.0,1.0,,9999.0,74.70484911452604,28.885483995571644,0,4,Water leak caused interior damage,-0.06807361680663647,1
9,9,Health,220.0,1000000.0,100.0,2019-10-01,,Active,Isabella,Rossi,34,Female,Married,Colorado,76812.1942569018,728,Employed,78,17,40,2,1,1500.0,2.0,2024-04-03,273.0,63.723357603533124,21.551855546872734,0,4,Severe collision with significant damage,0.3988971938666953,0
10,10,Auto,150.0,55000.0,750.0,2023-01-30,,Active,Jason,Liu,47,Male,Married,Massachusetts,109696.91669111418,694,Employed,65,11,90,2,1,5000.0,3.0,2025-01-12,-11.0,80.65410974250206,18.526177791988253,1,4,"Small scratch, almost no damage",-0.1990593960149528,1
1,1,Auto,120.0,50000.0,500.0,2023-01-10,,Active,Alice,Chen,32,Female,Single,New York,83768.85753328075,683,Employed,75,22,45,2,2,4700.0,3.0,2024-06-10,205.0,75.7975464367483,24.21949384312523,0,4,Theft incident reported in neighborhood,0.08738437321414923,0
2,2,Home,95.0,350000.0,1000.0,2022-05-01,,Active,Bob,Martinez,45,Male,Married,California,117364.40631209519,668,Employed,82,18,30,1,1,12000.0,5.0,2024-05-18,228.0,69.09775630556949,24.205621478578458,0,2,Car vandalized overnight,-0.047497897712339095,1
3,3,Auto,140.0,60000.0,750.0,2023-03-15,,Active,Carol,Wong,29,Female,Single,Texas,70654.94885555208,684,Self-Employed,60,5,120,3,1,8000.0,4.0,2024-03-21,286.0,73.7868957285131,28.451773629396204,0,2,Windshield cracked by falling debris,-0.012176319459263368,0
4,4,Life,200.0,250000.0,0.0,2020-07-20,,Active,Daniel,Kim,52,Male,Married,Illinois,139040.56584171447,773,Employed,88,25,20,1,0,0.0,1.0,,9999.0,92.2088288088025,15.520318532053214,0,1,Minor accident but resolved quickly,0.09447343714552431,0
5,5,Auto,110.0,45000.0,500.0,2022-11-11,,Active,Eva,Lopez,40,Female,Married,Florida,86525.57124293759,673,Employed,69,10,75,2,1,2200.0,2.0,2024-09-01,122.0,62.607525218658544,16.650493004921803,0,2,Water leak caused interior damage,-0.03167389962184613,1
6,6,Auto,175.0,40000.0,1000.0,2023-02-01,,Active,Frank,Ng,37,Male,Single,Washington,75179.06746837961,619,Unemployed,40,2,180,4,0,0.0,1.0,,9999.0,65.1723705795233,23.626274824554166,0,5,Severe collision with significant damage,0.4082193767117813,0
7,7,Home,130.0,500000.0,1500.0,2021-09-12,,Active,Grace,Patel,50,Female,Widowed,New Jersey,105138.13213573558,807,Employed,95,30,15,1,1,9000.0,4.0,2024-11-30,32.0,91.47021323427388,20.923013277993455,0,2,Car vandalized overnight,-0.03396523846828679,1
8,8,Auto,105.0,30000.0,500.0,2023-05-01,,Active,Henry,Smith,28,Male,Single,Nevada,62756.144812859886,600,Student,55,8,200,3,0,0.0,1.0,,9999.0,71.05149075655518,28.885483995571644,0,4,Water leak caused interior damage,-0.04121355886585048,1
9,9,Health,220.0,1000000.0,100.0,2019-10-01,,Active,Isabella,Rossi,34,Female,Married,Colorado,83350.78975360196,747,Employed,78,17,40,2,1,1500.0,2.0,2024-04-03,273.0,65.06215196752342,21.551855546872734,0,4,Severe collision with significant damage,0.4148497931861137,0
10,10,Auto,150.0,55000.0,750.0,2023-01-30,,Active,Jason,Liu,47,Male,Married,Massachusetts,115471.94122976965,691,Employed,65,11,90,2,1,5000.0,3.0,2025-01-12,-11.0,72.35442625746445,18.526177791988253,1,4,"Small scratch, almost no damage",-0.22746306049782267,1
1,1,Auto,120.0,50000.0,500.0,2023-01-10,,Active,Alice,Chen,32,Female,Single,New York,90419.380689493,713,Employed,75,22,45,2,2,4700.0,3.0,2024-06-10,205.0,76.02676743177125,24.21949384312523,0,4,Theft incident reported in neighborhood,0.017500559896758732,0
2,2,Home,95.0,350000.0,1000.0,2022-05-01,,Active,Bob,Martinez,45,Male,Married,California,124114.57052121227,701,Employed,82,18,30,1,1,12000.0,5.0,2024-05-18,228.0,66.93260595509804,24.205621478578458,0,2,Car vandalized overnight,-0.032644367909953294,0
3,3,Auto,140.0,60000.0,750.0,2023-03-15,,Active,Carol,Wong,29,Female,Single,Texas,68579.74965912472,615,Self-Employed,60,5,120,3,1,8000.0,4.0,2024-03-21,286.0,86.19560175860227,28.451773629396204,0,2,Windshield cracked by falling debris,0.0646511639107351,1
4,4,Life,200.0,250000.0,0.0,2020-07-20,,Active,Daniel,Kim,52,Male,Married,Illinois,133470.06793016763,759,Employed,88,25,20,1,0,0.0,1.0,,9999.0,86.70387352009668,15.520318532053214,0,1,Minor accident but resolved quickly,0.14239117653265623,1
5,5,Auto,110.0,45000.0,500.0,2022-11-11,,Active,Eva,Lopez,40,Female,Married,Florida,90413.91106125274,703,Employed,69,10,75,2,1,2200.0,2.0,2024-09-01,122.0,74.56076499485333,16.650493004921803,0,2,Water leak caused interior damage,0.11900950693773847,1
6,6,Auto,175.0,40000.0,1000.0,2023-02-01,,Active,Frank,Ng,37,Male,Single,Washington,72862.37325590652,620,Unemployed,40,2,180,4,0,0.0,1.0,,9999.0,69.53816568134334,23.626274824554166,0,5,Severe collision with significant damage,0.3830583084735022,1
7,7,Home,130.0,500000.0,1500.0,2021-09-12,,Active,Grace,Patel,50,Female,Widowed,New Jersey,92190.05250795727,762,Employed,95,30,15,1,1,9000.0,4.0,2024-11-30,32.0,85.74471790316979,20.923013277993455,0,2,Car vandalized overnight,-0.11666739209235802,0
8,8,Auto,105.0,30000.0,500.0,2023-05-01,,Active,Henry,Smith,28,Male,Single,Nevada,58882.00373679984,622,Student,55,8,200,3,0,0.0,1.0,,9999.0,80.53246045087394,28.885483995571644,0,4,Water leak caused interior damage,-0.11889377673884345,0
9,9,Health,220.0,1000000.0,100.0,2019-10-01,,Active,Isabella,Rossi,34,Female,Married,Colorado,81430.10497534888,731,Employed,78,17,40,2,1,1500.0,2.0,2024-04-03,273.0,63.14866838342933,21.551855546872734,0,4,Severe collision with significant damage,0.40619749709227343,1
10,10,Auto,150.0,55000.0,750.0,2023-01-30,,Active,Jason,Liu,47,Male,Married,Massachusetts,107650.92232893528,709,Employed,65,11,90,2,1,5000.0,3.0,2025-01-12,-11.0,77.47935048599652,18.526177791988253,1,4,"Small scratch, almost no damage",-0.18497529238345972,1
1,1,Auto,120.0,50000.0,500.0,2023-01-10,,Active,Alice,Chen,32,Female,Single,New York,84228.88085104557,722,Employed,75,22,45,2,2,4700.0,3.0,2024-06-10,205.0,73.10500588640173,24.21949384312523,0,4,Theft incident reported in neighborhood,-0.03919140649619248,1
2,2,Home,95.0,350000.0,1000.0,2022-05-01,,Active,Bob,Martinez,45,Male,Married,California,119383.85313613307,704,Employed,82,18,30,1,1,12000.0,5.0,2024-05-18,228.0,75.10153891932961,24.205621478578458,0,2,Car vandalized overnight,0.10504893863885756,0
3,3,Auto,140.0,60000.0,750.0,2023-03-15,,Active,Carol,Wong,29,Female,Single,Texas,73427.42709687556,650,Self-Employed,60,5,120,3,1,8000.0,4.0,2024-03-21,286.0,81.47385482039522,28.451773629396204,0,2,Windshield cracked by falling debris,0.08314994684970517,1
4,4,Life,200.0,250000.0,0.0,2020-07-20,,Active,Daniel,Kim,52,Male,Married,Illinois,133562.2509039004,772,Employed,88,25,20,1,0,0.0,1.0,,9999.0,88.40348454954267,15.520318532053214,0,1,Minor accident but resolved quickly,0.15219400483872406,0
5,5,Auto,110.0,45000.0,500.0,2022-11-11,,Active,Eva,Lopez,40,Female,Married,Florida,95426.53352873382,732,Employed,69,10,75,2,1,2200.0,2.0,2024-09-01,122.0,74.10661857559809,16.650493004921803,0,2,Water leak caused interior damage,0.026972697117806577,1
6,6,Auto,175.0,40000.0,1000.0,2023-02-01,,Active,Frank,Ng,37,Male,Single,Washington,64150.03803260811,630,Unemployed,40,2,180,4,0,0.0,1.0,,9999.0,67.48747349294123,23.626274824554166,0,5,Severe collision with significant damage,0.41972651086942586,1
7,7,Home,130.0,500000.0,1500.0,2021-09-12,,Active,Grace,Patel,50,Female,Widowed,New Jersey,105391.42312531614,775,Employed,95,30,15,1,1,9000.0,4.0,2024-11-30,32.0,93.34105364553336,20.923013277993455,0,2,Car vandalized overnight,0.09449974486602578,1
8,8,Auto,105.0,30000.0,500.0,2023-05-01,,Active,Henry,Smith,28,Male,Single,Nevada,65189.6244594505,621,Student,55,8,200,3,0,0.0,1.0,,9999.0,79.36241909992461,28.885483995571644,0,4,Water leak caused interior damage,0.034106798337279066,1
9,9,Health,220.0,1000000.0,100.0,2019-10-01,,Active,Isabella,Rossi,34,Female,Married,Colorado,83609.01869355676,742,Employed,78,17,40,2,1,1500.0,2.0,2024-04-03,273.0,65.9418577480229,21.551855546872734,0,4,Severe collision with significant damage,0.38439658261355747,1
10,10,Auto,150.0,55000.0,750.0,2023-01-30,,Active,Jason,Liu,47,Male,Married,Massachusetts,101952.32798718491,673,Employed,65,11,90,2,1,5000.0,3.0,2025-01-12,-11.0,76.18496539926046,18.526177791988253,1,4,"Small scratch, almost no damage",-0.21638494012066756,1
1,1,Auto,120.0,50000.0,500.0,2023-01-10,,Active,Alice,Chen,32,Female,Single,New York,89075.54798088993,735,Employed,75,22,45,2,2,4700.0,3.0,2024-06-10,205.0,76.34177525163054,24.21949384312523,0,4,Theft incident reported in neighborhood,0.026868014072461296,0
2,2,Home,95.0,350000.0,1000.0,2022-05-01,,Active,Bob,Martinez,45,Male,Married,California,119799.52329729899,676,Employed,82,18,30,1,1,12000.0,5.0,2024-05-18,228.0,69.02295582749778,24.205621478578458,0,2,Car vandalized overnight,0.0462205093637497,1
3,3,Auto,140.0,60000.0,750.0,2023-03-15,,Active,Carol,Wong,29,Female,Single,Texas,57882.65024030136,662,Self-Employed,60,5,120,3,1,8000.0,4.0,2024-03-21,286.0,75.09333512725473,28.451773629396204,0,2,Windshield cracked by falling debris,-0.07850116465397683,0
4,4,Life,200.0,250000.0,0.0,2020-07-20,,Active,Daniel,Kim,52,Male,Married,Illinois,140192.71083133877,788,Employed,88,25,20,1,0,0.0,1.0,,9999.0,86.67208360920395,15.520318532053214,0,1,Minor accident but resolved quickly,0.15745933916403942,0
5,5,Auto,110.0,45000.0,500.0,2022-11-11,,Active,Eva,Lopez,40,Female,Married,Florida,95776.69231419587,722,Employed,69,10,75,2,1,2200.0,2.0,2024-09-01,122.0,66.32313943737527,16.650493004921803,0,2,Water leak caused interior damage,0.023022025378986816,0
6,6,Auto,175.0,40000.0,1000.0,2023-02-01,,Active,Frank,Ng,37,Male,Single,Washington,67381.95171253932,622,Unemployed,40,2,180,4,0,0.0,1.0,,9999.0,68.10920058381903,23.626274824554166,0,5,Severe collision with significant damage,0.3713576416473914,0
7,7,Home,130.0,500000.0,1500.0,2021-09-12,,Active,Grace,Patel,50,Female,Widowed,New Jersey,100701.68430120045,778,Employed,95,30,15,1,1,9000.0,4.0,2024-11-30,32.0,88.82823770807484,20.923013277993455,0,2,Car vandalized overnight,0.039208322210877944,1
8,8,Auto,105.0,30000.0,500.0,2023-05-01,,Active,Henry,Smith,28,Male,Single,Nevada,65554.36448577674,626,Student,55,8,200,3,0,0.0,1.0,,9999.0,83.90134688513774,28.885483995571644,0,4,Water leak caused interior damage,0.09605838102845206,1
9,9,Health,220.0,1000000.0,100.0,2019-10-01,,Active,Isabella,Rossi,34,Female,Married,Colorado,84920.64525382858,732,Employed,78,17,40,2,1,1500.0,2.0,2024-04-03,273.0,67.75478064469914,21.551855546872734,0,4,Severe collision with significant damage,0.381910856555222,1
10,10,Auto,150.0,55000.0,750.0,2023-01-30,,Active,Jason,Liu,47,Male,Married,Massachusetts,113344.24420463809,678,Employed,65,11,90,2,1,5000.0,3.0,2025-01-12,-11.0,75.72541029893009,18.526177791988253,1,4,"Small scratch, almost no damage",-0.2154139459646155,1
1,1,Auto,120.0,50000.0,500.0,2023-01-10,,Active,Alice,Chen,32,Female,Single,New York,74410.98848040997,733,Employed,75,22,45,2,2,4700.0,3.0,2024-06-10,205.0,81.48770542594255,24.21949384312523,0,4,Theft incident reported in neighborhood,0.08031323802257767,0
2,2,Home,95.0,350000.0,1000.0,2022-05-01,,Active,Bob,Martinez,45,Male,Married,California,122918.17106654326,691,Employed,82,18,30,1,1,12000.0,5.0,2024-05-18,228.0,75.83291088024761,24.205621478578458,0,2,Car vandalized overnight,0.008078225297092775,0
3,3,Auto,140.0,60000.0,750.0,2023-03-15,,Active,Carol,Wong,29,Female,Single,Texas,67127.58440650423,625,Self-Employed,60,5,120,3,1,8000.0,4.0,2024-03-21,286.0,69.59695727751985,28.451773629396204,0,2,Windshield cracked by falling debris,-0.04442316011794045,0
4,4,Life,200.0,250000.0,0.0,2020-07-20,,Active,Daniel,Kim,52,Male,Married,Illinois,138983.43011487398,767,Employed,88,25,20,1,0,0.0,1.0,,9999.0,92.00551861716141,15.520318532053214,0,1,Minor accident but resolved quickly,0.1724556091210629,1
5,5,Auto,110.0,45000.0,500.0,2022-11-11,,Active,Eva,Lopez,40,Female,Married,Florida,91024.6458337353,703,Employed,69,10,75,2,1,2200.0,2.0,2024-09-01,122.0,64.41822271399397,16.650493004921803,0,2,Water leak caused interior damage,-0.1100833068399038,0
6,6,Auto,175.0,40000.0,1000.0,2023-02-01,,Active,Frank,Ng,37,Male,Single,Washington,74920.47355884453,662,Unemployed,40,2,180,4,0,0.0,1.0,,9999.0,70.39334860190304,23.626274824554166,0,5,Severe collision with significant damage,0.260081648101866,1
7,7,Home,130.0,500000.0,1500.0,2021-09-12,,Active,Grace,Patel,50,Female,Widowed,New Jersey,102563.61539763694,789,Employed,95,30,15,1,1,9000.0,4.0,2024-11-30,32.0,93.90350554867443,20.923013277993455,0,2,Car vandalized overnight,0.0166506023558129,1
8,8,Auto,105.0,30000.0,500.0,2023-05-01,,Active,Henry,Smith,28,Male,Single,Nevada,59312.34651571297,629,Student,55,8,200,3,0,0.0,1.0,,9999.0,75.7012463717927,28.885483995571644,0,4,Water leak caused interior damage,-0.11724851915409332,1
9,9,Health,220.0,1000000.0,100.0,2019-10-01,,Active,Isabella,Rossi,34,Female,Married,Colorado,79902.89088043223,733,Employed,78,17,40,2,1,1500.0,2.0,2024-04-03,273.0,56.95699897271754,21.551855546872734,0,4,Severe collision with significant damage,0.3092416128785904,0
10,10,Auto,150.0,55000.0,750.0,2023-01-30,,Active,Jason,Liu,47,Male,Married,Massachusetts,107779.10400348496,703,Employed,65,11,90,2,1,5000.0,3.0,2025-01-12,-11.0,79.85245687589504,18.526177791988253,1,4,"Small scratch, almost no damage",-0.26900492817551613,1
1,1,Auto,120.0,50000.0,500.0,2023-01-10,,Active,Alice,Chen,32,Female,Single,New York,78578.36403526175,703,Employed,75,22,45,2,2,4700.0,3.0,2024-06-10,205.0,76.50217976606925,24.21949384312523,0,4,Theft incident reported in neighborhood,-0.036070817487294335,0
2,2,Home,95.0,350000.0,1000.0,2022-05-01,,Active,Bob,Martinez,45,Male,Married,California,122271.41389508509,690,Employed,82,18,30,1,1,12000.0,5.0,2024-05-18,228.0,61.667073370335274,24.205621478578458,0,2,Car vandalized overnight,-0.007390325177355887,0
3,3,Auto,140.0,60000.0,750.0,2023-03-15,,Active,Carol,Wong,29,Female,Single,Texas,64775.87872131772,656,Self-Employed,60,5,120,3,1,8000.0,4.0,2024-03-21,286.0,87.8905204790596,28.451773629396204,0,2,Windshield cracked by falling debris,0.05564350703842485,0
4,4,Life,200.0,250000.0,0.0,2020-07-20,,Active,Daniel,Kim,52,Male,Married,Illinois,134196.83253583705,764,Employed,88,25,20,1,0,0.0,1.0,,9999.0,90.7740359259225,15.520318532053214,0,1,Minor accident but resolved quickly,0.1535907072348632,1
5,5,Auto,110.0,45000.0,500.0,2022-11-11,,Active,Eva,Lopez,40,Female,Married,Florida,91147.89583381574,713,Employed,69,10,75,2,1,2200.0,2.0,2024-09-01,122.0,69.87055966382057,16.650493004921803,0,2,Water leak caused interior damage,-0.04196602008897296,0
6,6,Auto,175.0,40000.0,1000.0,2023-02-01,,Active,Frank,Ng,37,Male,Single,Washington,66659.12942573824,665,Unemployed,40,2,180,4,0,0.0,1.0,,9999.0,72.65362752685803,23.626274824554166,0,5,Severe collision with significant damage,0.4427220536392138,0
7,7,Home,130.0,500000.0,1500.0,2021-09-12,,Active,Grace,Patel,50,Female,Widowed,New Jersey,92554.60438529271,778,Employed,95,30,15,1,1,9000.0,4.0,2024-11-30,32.0,86.6272579747027,20.923013277993455,0,2,Car vandalized overnight,-0.07144286182720955,1
8,8,Auto,105.0,30000.0,500.0,2023-05-01,,Active,Henry,Smith,28,Male,Single,Nevada,58801.04569356319,623,Student,55,8,200,3,0,0.0,1.0,,9999.0,79.73103319818962,28.885483995571644,0,4,Water leak caused interior damage,0.011094175438604975,1
9,9,Health,220.0,1000000.0,100.0,2019-10-01,,Active,Isabella,Rossi,34,Female,Married,Colorado,81818.25392919862,694,Employed,78,17,40,2,1,1500.0,2.0,2024-04-03,273.0,59.08901971366153,21.551855546872734,0,4,Severe collision with significant damage,0.29799570124941477,1
10,10,Auto,150.0,55000.0,750.0,2023-01-30,,Active,Jason,Liu,47,Male,Married,Massachusetts,112976.15308259665,713,Employed,65,11,90,2,1,5000.0,3.0,2025-01-12,-11.0,74.07892673389084,18.526177791988253,1,4,"Small scratch, almost no damage",-0.23738410471347304,1
1,1,Auto,120.0,50000.0,500.0,2023-01-10,,Active,Alice,Chen,32,Female,Single,New York,78634.74201649637,718,Employed,75,22,45,2,2,4700.0,3.0,2024-06-10,205.0,77.50320983801174,24.21949384312523,0,4,Theft incident reported in neighborhood,-0.01593137019462988,1
2,2,Home,95.0,350000.0,1000.0,2022-05-01,,Active,Bob,Martinez,45,Male,Married,California,122546.52593765125,679,Employed,82,18,30,1,1,12000.0,5.0,2024-05-18,228.0,61.679689717415975,24.205621478578458,0,2,Car vandalized overnight,0.054111895576318396,0
3,3,Auto,140.0,60000.0,750.0,2023-03-15,,Active,Carol,Wong,29,Female,Single,Texas,67019.72152673465,648,Self-Employed,60,5,120,3,1,8000.0,4.0,2024-03-21,286.0,75.22710427449599,28.451773629396204,0,2,Windshield cracked by falling debris,0.036034473559711476,1
4,4,Life,200.0,250000.0,0.0,2020-07-20,,Active,Daniel,Kim,52,Male,Married,Illinois,131467.3710196141,758,Employed,88,25,20,1,0,0.0,1.0,,9999.0,84.56462243714542,15.520318532053214,0,1,Minor accident but resolved quickly,0.11230970006708352,1
5,5,Auto,110.0,45000.0,500.0,2022-11-11,,Active,Eva,Lopez,40,Female,Married,Florida,87405.79257576252,725,Employed,69,10,75,2,1,2200.0,2.0,2024-09-01,122.0,67.75852848580134,16.650493004921803,0,2,Water leak caused interior damage,-0.03894698204081207,0
6,6,Auto,175.0,40000.0,1000.0,2023-02-01,,Active,Frank,Ng,37,Male,Single,Washington,78207.42932816067,635,Unemployed,40,2,180,4,0,0.0,1.0,,9999.0,69.48916156327124,23.626274824554166,0,5,Severe collision with significant damage,0.3592451633483945,1
7,7,Home,130.0,500000.0,1500.0,2021-09-12,,Active,Grace,Patel,50,Female,Widowed,New Jersey,101096.02314034228,759,Employed,95,30,15,1,1,9000.0,4.0,2024-11-30,32.0,91.91916500359453,20.923013277993455,0,2,Car vandalized overnight,0.09377857300171699,0
8,8,Auto,105.0,30000.0,500.0,2023-05-01,,Active,Henry,Smith,28,Male,Single,Nevada,60201.22609102128,608,Student,55,8,200,3,0,0.0,1.0,,9999.0,83.20448332894752,28.885483995571644,0,4,Water leak caused interior damage,0.08095342405540404,1
9,9,Health,220.0,1000000.0,100.0,2019-10-01,,Active,Isabella,Rossi,34,Female,Married,Colorado,80973.9829552316,746,Employed,78,17,40,2,1,1500.0,2.0,2024-04-03,273.0,69.85477475507007,21.551855546872734,0,4,Severe collision with significant damage,0.3265865907315675,0
10,10,Auto,150.0,55000.0,750.0,2023-01-30,,Active,Jason,Liu,47,Male,Married,Massachusetts,113712.39110646477,691,Employed,65,11,90,2,1,5000.0,3.0,2025-01-12,-11.0,78.9397023377652,18.526177791988253,1,4,"Small scratch, almost no damage",-0.2099887330999326,1
1,1,Auto,120.0,50000.0,500.0,2023-01-10,,Active,Alice,Chen,32,Female,Single,New York,84611.60173038671,699,Employed,75,22,45,2,2,4700.0,3.0,2024-06-10,205.0,83.50991343171246,24.21949384312523,0,4,Theft incident reported in neighborhood,-0.08657157144486329,1
2,2,Home,95.0,350000.0,1000.0,2022-05-01,,Active,Bob,Martinez,45,Male,Married,California,120217.27554581694,696,Employed,82,18,30,1,1,12000.0,5.0,2024-05-18,228.0,68.81883847100451,24.205621478578458,0,2,Car vandalized overnight,-0.02236712305286826,1
3,3,Auto,140.0,60000.0,750.0,2023-03-15,,Active,Carol,Wong,29,Female,Single,Texas,72552.68296055122,637,Self-Employed,60,5,120,3,1,8000.0,4.0,2024-03-21,286.0,77.07897784020612,28.451773629396204,0,2,Windshield cracked by falling debris,-0.046378217643122936,0
4,4,Life,200.0,250000.0,0.0,2020-07-20,,Active,Daniel,Kim,52,Male,Married,Illinois,133673.65350294736,748,Employed,88,25,20,1,0,0.0,1.0,,9999.0,90.70558773033646,15.520318532053214,0,1,Minor accident but resolved quickly,0.19513063954528873,0
5,5,Auto,110.0,45000.0,500.0,2022-11-11,,Active,Eva,Lopez,40,Female,Married,Florida,92472.56238112273,732,Employed,69,10,75,2,1,2200.0,2.0,2024-09-01,122.0,66.3245148033496,16.650493004921803,0,2,Water leak caused interior damage,-0.06453587598942061,0
6,6,Auto,175.0,40000.0,1000.0,2023-02-01,,Active,Frank,Ng,37,Male,Single,Washington,72985.18207730743,646,Unemployed,40,2,180,4,0,0.0,1.0,,9999.0,74.60061543171004,23.626274824554166,0,5,Severe collision with significant damage,0.3964675117711236,1
7,7,Home,130.0,500000.0,1500.0,2021-09-12,,Active,Grace,Patel,50,Female,Widowed,New Jersey,98336.53063435286,769,Employed,95,30,15,1,1,9000.0,4.0,2024-11-30,32.0,93.47448767862956,20.923013277993455,0,2,Car vandalized overnight,3.5506078298178605e-05,1
8,8,Auto,105.0,30000.0,500.0,2023-05-01,,Active,Henry,Smith,28,Male,Single,Nevada,59583.80097280145,605,Student,55,8,200,3,0,0.0,1.0,,9999.0,82.21032932663297,28.885483995571644,0,4,Water leak caused interior damage,-0.008772441486475513,0
9,9,Health,220.0,1000000.0,100.0,2019-10-01,,Active,Isabella,Rossi,34,Female,Married,Colorado,82061.09141194707,750,Employed,78,17,40,2,1,1500.0,2.0,2024-04-03,273.0,64.89198474494599,21.551855546872734,0,4,Severe collision with significant damage,0.4585791475372199,1
10,10,Auto,150.0,55000.0,750.0,2023-01-30,,Active,Jason,Liu,47,Male,Married,Massachusetts,114776.72785020428,736,Employed,65,11,90,2,1,5000.0,3.0,2025-01-12,-11.0,74.88081183737212,18.526177791988253,1,4,"Small scratch, almost no damage",-0.16201514038328443,0
1,1,Auto,120.0,50000.0,500.0,2023-01-10,,Active,Alice,Chen,32,Female,Single,New York,85386.1810541551,726,Employed,75,22,45,2,2,4700.0,3.0,2024-06-10,205.0,78.76586985440584,24.21949384312523,0,4,Theft incident reported in neighborhood,-0.0072196409226485654,0
2,2,Home,95.0,350000.0,1000.0,2022-05-01,,Active,Bob,Martinez,45,Male,Married,California,114000.65235470582,675,Employed,82,18,30,1,1,12000.0,5.0,2024-05-18,228.0,63.83243857855795,24.205621478578458,0,2,Car vandalized overnight,-0.017295815029999707,0
3,3,Auto,140.0,60000.0,750.0,2023-03-15,,Active,Carol,Wong,29,Female,Single,Texas,70525.78517413574,648,Self-Employed,60,5,120,3,1,8000.0,4.0,2024-03-21,286.0,83.9097165909724,28.451773629396204,0,2,Windshield cracked by falling debris,-0.07534366594015834,1
4,4,Life,200.0,250000.0,0.0,2020-07-20,,Active,Daniel,Kim,52,Male,Married,Illinois,144815.36869658282,786,Employed,88,25,20,1,0,0.0,1.0,,9999.0,87.5658114553548,15.520318532053214,0,1,Minor accident but resolved quickly,0.14145371730470616,1
5,5,Auto,110.0,45000.0,500.0,2022-11-11,,Active,Eva,Lopez,40,Female,Married,Florida,90434.6753242694,675,Employed,69,10,75,2,1,2200.0,2.0,2024-09-01,122.0,68.41058643628288,16.650493004921803,0,2,Water leak caused interior damage,0.09766516278729954,0
6,6,Auto,175.0,40000.0,1000.0,2023-02-01,,Active,Frank,Ng,37,Male,Single,Washington,68164.92944328168,645,Unemployed,40,2,180,4,0,0.0,1.0,,9999.0,63.551952211836685,23.626274824554166,0,5,Severe collision with significant damage,0.36856323302360383,0
7,7,Home,130.0,500000.0,1500.0,2021-09-12,,Active,Grace,Patel,50,Female,Widowed,New Jersey,100678.6115578834,776,Employed,95,30,15,1,1,9000.0,4.0,2024-11-30,32.0,91.84249883856559,20.923013277993455,0,2,Car vandalized overnight,0.03643796415718899,1
8,8,Auto,105.0,30000.0,500.0,2023-05-01,,Active,Henry,Smith,28,Male,Single,Nevada,59987.949587264644,629,Student,55,8,200,3,0,0.0,1.0,,9999.0,77.3942502984816,28.885483995571644,0,4,Water leak caused interior damage,-0.06987486619596321,1
9,9,Health,220.0,1000000.0,100.0,2019-10-01,,Active,Isabella,Rossi,34,Female,Married,Colorado,79651.56462655045,748,Employed,78,17,40,2,1,1500.0,2.0,2024-04-03,273.0,66.96322253000098,21.551855546872734,0,4,Severe collision with significant damage,0.35326125351331994,1
10,10,Auto,150.0,55000.0,750.0,2023-01-30,,Active,Jason,Liu,47,Male,Married,Massachusetts,113781.63959990854,691,Employed,65,11,90,2,1,5000.0,3.0,2025-01-12,-11.0,79.54029439894114,18.526177791988253,1,4,"Small scratch, almost no damage",-0.22687673470986747,1
1,1,Auto,120.0,50000.0,500.0,2023-01-10,,Active,Alice,Chen,32,Female,Single,New York,90513.0991453429,742,Employed,75,22,45,2,2,4700.0,3.0,2024-06-10,205.0,73.37004138178064,24.21949384312523,0,4,Theft incident reported in neighborhood,0.005293119902402638,1
2,2,Home,95.0,350000.0,1000.0,2022-05-01,,Active,Bob,Martinez,45,Male,Married,California,122734.34298080433,720,Employed,82,18,30,1,1,12000.0,5.0,2024-05-18,228.0,63.846711902289805,24.205621478578458,0,2,Car vandalized overnight,0.04123336672052809,1
3,3,Auto,140.0,60000.0,750.0,2023-03-15,,Active,Carol,Wong,29,Female,Single,Texas,67467.76766131572,650,Self-Employed,60,5,120,3,1,8000.0,4.0,2024-03-21,286.0,83.8998621233865,28.451773629396204,0,2,Windshield cracked by falling debris,-0.030133594227933193,0
4,4,Life,200.0,250000.0,0.0,2020-07-20,,Active,Daniel,Kim,52,Male,Married,Illinois,139502.71513747852,786,Employed,88,25,20,1,0,0.0,1.0,,9999.0,87.50716214077998,15.520318532053214,0,1,Minor accident but resolved quickly,0.05416723922548339,0
5,5,Auto,110.0,45000.0,500.0,2022-11-11,,Active,Eva,Lopez,40,Female,Married,Florida,84024.68143514304,684,Employed,69,10,75,2,1,2200.0,2.0,2024-09-01,122.0,68.08955476750252,16.650493004921803,0,2,Water leak caused interior damage,0.05610451151611352,0
6,6,Auto,175.0,40000.0,1000.0,2023-02-01,,Active,Frank,Ng,37,Male,Single,Washington,72135.77551706402,619,Unemployed,40,2,180,4,0,0.0,1.0,,9999.0,69.1322146151968,23.626274824554166,0,5,Severe collision with significant damage,0.32819253553645455,1
7,7,Home,130.0,500000.0,1500.0,2021-09-12,,Active,Grace,Patel,50,Female,Widowed,New Jersey,97581.48888559308,758,Employed,95,30,15,1,1,9000.0,4.0,2024-11-30,32.0,83.93575326649582,20.923013277993455,0,2,Car vandalized overnight,0.0253302013750992,1
8,8,Auto,105.0,30000.0,500.0,2023-05-01,,Active,Henry,Smith,28,Male,Single,Nevada,59876.19740827226,604,Student,55,8,200,3,0,0.0,1.0,,9999.0,81.05988129711446,28.885483995571644,0,4,Water leak caused interior damage,0.022542843324420768,0
9,9,Health,220.0,1000000.0,100.0,2019-10-01,,Active,Isabella,Rossi,34,Female,Married,Colorado,82026.93864994735,714,Employed,78,17,40,2,1,1500.0,2.0,2024-04-03,273.0,64.76281351339912,21.551855546872734,0,4,Severe collision with significant damage,0.2918123402484004,0
10,10,Auto,150.0,55000.0,750.0,2023-01-30,,Active,Jason,Liu,47,Male,Married,Massachusetts,109197.14820665086,690,Employed,65,11,90,2,1,5000.0,3.0,2025-01-12,-11.0,73.93659773221401,18.526177791988253,1,4,"Small scratch, almost no damage",-0.19754372913799872,0
1,1,Auto,120.0,50000.0,500.0,2023-01-10,,Active,Alice,Chen,32,Female,Single,New York,81375.8568219909,714,Employed,75,22,45,2,2,4700.0,3.0,2024-06-10,205.0,71.33442589678388,24.21949384312523,0,4,Theft incident reported in neighborhood,-0.02832835972644846,0
2,2,Home,95.0,350000.0,1000.0,2022-05-01,,Active,Bob,Martinez,45,Male,Married,California,123899.40113878452,706,Employed,82,18,30,1,1,12000.0,5.0,2024-05-18,228.0,70.76437057777487,24.205621478578458,0,2,Car vandalized overnight,0.0027527310993480814,1
3,3,Auto,140.0,60000.0,750.0,2023-03-15,,Active,Carol,Wong,29,Female,Single,Texas,67058.17311118123,643,Self-Employed,60,5,120,3,1,8000.0,4.0,2024-03-21,286.0,82.28311048998783,28.451773629396204,0,2,Windshield cracked by falling debris,-0.017909128198277825,0
4,4,Life,200.0,250000.0,0.0,2020-07-20,,Active,Daniel,Kim,52,Male,Married,Illinois,135408.51568348415,746,Employed,88,25,20,1,0,0.0,1.0,,9999.0,88.99072034646751,15.520318532053214,0,1,Minor accident but resolved quickly,0.22279624177831212,0
5,5,Auto,110.0,45000.0,500.0,2022-11-11,,Active,Eva,Lopez,40,Female,Married,Florida,92204.27098190362,711,Employed,69,10,75,2,1,2200.0,2.0,2024-09-01,122.0,61.45229813592121,16.650493004921803,0,2,Water leak caused interior damage,0.06717451040920314,1
6,6,Auto,175.0,40000.0,1000.0,2023-02-01,,Active,Frank,Ng,37,Male,Single,Washington,75155.51043169179,640,Unemployed,40,2,180,4,0,0.0,1.0,,9999.0,62.96102524791092,23.626274824554166,0,5,Severe collision with significant damage,0.28438327081146386,0
7,7,Home,130.0,500000.0,1500.0,2021-09-12,,Active,Grace,Patel,50,Female,Widowed,New Jersey,100173.08677897716,758,Employed,95,30,15,1,1,9000.0,4.0,2024-11-30,32.0,87.2220589487925,20.923013277993455,0,2,Car vandalized overnight,0.11294135609540944,1
8,8,Auto,105.0,30000.0,500.0,2023-05-01,,Active,Henry,Smith,28,Male,Single,Nevada,64121.89368174332,611,Student,55,8,200,3,0,0.0,1.0,,9999.0,85.46769571447791,28.885483995571644,0,4,Water leak caused interior damage,-0.033915336625759816,1
9,9,Health,220.0,1000000.0,100.0,2019-10-01,,Active,Isabella,Rossi,34,Female,Married,Colorado,80605.4778982815,714,Employed,78,17,40,2,1,1500.0,2.0,2024-04-03,273.0,63.37930472038508,21.551855546872734,0,4,Severe collision with significant damage,0.4801218338490919,1
10,10,Auto,150.0,55000.0,750.0,2023-01-30,,Active,Jason,Liu,47,Male,Married,Massachusetts,113451.18794316196,694,Employed,65,11,90,2,1,5000.0,3.0,2025-01-12,-11.0,74.63644483183879,18.526177791988253,1,4,"Small scratch, almost no damage",-0.26281047860699924,1
1,1,Auto,120.0,50000.0,500.0,2023-01-10,,Active,Alice,Chen,32,Female,Single,New York,87178.66977727356,759,Employed,75,22,45,2,2,4700.0,3.0,2024-06-10,205.0,69.26663063743034,24.21949384312523,0,4,Theft incident reported in neighborhood,-0.017045835304596756,0
2,2,Home,95.0,350000.0,1000.0,2022-05-01,,Active,Bob,Martinez,45,Male,Married,California,128067.55017674767,663,Employed,82,18,30,1,1,12000.0,5.0,2024-05-18,228.0,65.71408922550533,24.205621478578458,0,2,Car vandalized overnight,-0.012366386653891125,1
3,3,Auto,140.0,60000.0,750.0,2023-03-15,,Active,Carol,Wong,29,Female,Single,Texas,69637.65367147652,643,Self-Employed,60,5,120,3,1,8000.0,4.0,2024-03-21,286.0,72.840517041245,28.451773629396204,0,2,Windshield cracked by falling debris,-0.020039482248974505,1
4,4,Life,200.0,250000.0,0.0,2020-07-20,,Active,Daniel,Kim,52,Male,Married,Illinois,137551.8930806031,770,Employed,88,25,20,1,0,0.0,1.0,,9999.0,84.2636389532051,15.520318532053214,0,1,Minor accident but resolved quickly,0.2678864935578278,0
5,5,Auto,110.0,45000.0,500.0,2022-11-11,,Active,Eva,Lopez,40,Female,Married,Florida,94406.62685598547,704,Employed,69,10,75,2,1,2200.0,2.0,2024-09-01,122.0,67.66996222395493,16.650493004921803,0,2,Water leak caused interior damage,-0.0038181599660317106,1
6,6,Auto,175.0,40000.0,1000.0,2023-02-01,,Active,Frank,Ng,37,Male,Single,Washington,75254.47103980069,655,Unemployed,40,2,180,4,0,0.0,1.0,,9999.0,65.58569969416513,23.626274824554166,0,5,Severe collision with significant damage,0.3598851783730655,1
7,7,Home,130.0,500000.0,1500.0,2021-09-12,,Active,Grace,Patel,50,Female,Widowed,New Jersey,97448.58761308223,778,Employed,95,30,15,1,1,9000.0,4.0,2024-11-30,32.0,95.74853159677409,20.923013277993455,0,2,Car vandalized overnight,0.003850537874647204,0
8,8,Auto,105.0,30000.0,500.0,2023-05-01,,Active,Henry,Smith,28,Male,Single,Nevada,58103.41767550617,622,Student,55,8,200,3,0,0.0,1.0,,9999.0,83.52123024066482,28.885483995571644,0,4,Water leak caused interior damage,-0.048366759846235265,1
9,9,Health,220.0,1000000.0,100.0,2019-10-01,,Active,Isabella,Rossi,34,Female,Married,Colorado,78141.97229799005,730,Employed,78,17,40,2,1,1500.0,2.0,2024-04-03,273.0,61.93077161753923,21.551855546872734,0,4,Severe collision with significant damage,0.45485602671451253,0
10,10,Auto,150.0,55000.0,750.0,2023-01-30,,Active,Jason,Liu,47,Male,Married,Massachusetts,106198.67612721313,671,Employed,65,11,90,2,1,5000.0,3.0,2025-01-12,-11.0,72.84344915606952,18.526177791988253,1,4,"Small scratch, almost no damage",-0.3235540417846566,0
1,1,Auto,120.0,50000.0,500.0,2023-01-10,,Active,Alice,Chen,32,Female,Single,New York,86271.22067680754,704,Employed,75,22,45,2,2,4700.0,3.0,2024-06-10,205.0,81.49113757879157,24.21949384312523,0,4,Theft incident reported in neighborhood,-0.030700430353570264,0
2,2,Home,95.0,350000.0,1000.0,2022-05-01,,Active,Bob,Martinez,45,Male,Married,California,117481.93380780367,701,Employed,82,18,30,1,1,12000.0,5.0,2024-05-18,228.0,74.98099834387972,24.205621478578458,0,2,Car vandalized overnight,0.04683301549233961,1
3,3,Auto,140.0,60000.0,750.0,2023-03-15,,Active,Carol,Wong,29,Female,Single,Texas,68779.41128480739,652,Self-Employed,60,5,120,3,1,8000.0,4.0,2024-03-21,286.0,68.99526948302619,28.451773629396204,0,2,Windshield cracked by falling debris,0.0021176065383715983,1
4,4,Life,200.0,250000.0,0.0,2020-07-20,,Active,Daniel,Kim,52,Male,Married,Illinois,134365.30222515744,798,Employed,88,25,20,1,0,0.0,1.0,,9999.0,88.64778877278312,15.520318532053214,0,1,Minor accident but resolved quickly,0.169127425791669,1
5,5,Auto,110.0,45000.0,500.0,2022-11-11,,Active,Eva,Lopez,40,Female,Married,Florida,89833.51402682994,714,Employed,69,10,75,2,1,2200.0,2.0,2024-09-01,122.0,66.18264627173305,16.650493004921803,0,2,Water leak caused interior damage,0.07665820583427152,1
6,6,Auto,175.0,40000.0,1000.0,2023-02-01,,Active,Frank,Ng,37,Male,Single,Washington,77224.22659131543,623,Unemployed,40,2,180,4,0,0.0,1.0,,9999.0,69.7868370768496,23.626274824554166,0,5,Severe collision with significant damage,0.425190077416624,0
7,7,Home,130.0,500000.0,1500.0,2021-09-12,,Active,Grace,Patel,50,Female,Widowed,New Jersey,97832.40350244581,763,Employed,95,30,15,1,1,9000.0,4.0,2024-11-30,32.0,96.72122628273472,20.923013277993455,0,2,Car vandalized overnight,0.006873817257057262,0
8,8,Auto,105.0,30000.0,500.0,2023-05-01,,Active,Henry,Smith,28,Male,Single,Nevada,62555.56418374709,618,Student,55,8,200,3,0,0.0,1.0,,9999.0,77.27298867252371,28.885483995571644,0,4,Water leak caused interior damage,0.10446713249258993,0
9,9,Health,220.0,1000000.0,100.0,2019-10-01,,Active,Isabella,Rossi,34,Female,Married,Colorado,86269.23146655581,740,Employed,78,17,40,2,1,1500.0,2.0,2024-04-03,273.0,56.12351331012493,21.551855546872734,0,4,Severe collision with significant damage,0.3435831925601883,0
10,10,Auto,150.0,55000.0,750.0,2023-01-30,,Active,Jason,Liu,47,Male,Married,Massachusetts,111372.43633180704,702,Employed,65,11,90,2,1,5000.0,3.0,2025-01-12,-11.0,78.82675132362863,18.526177791988253,1,4,"Small scratch, almost no damage",-0.25501548204962765,1
1,1,Auto,120.0,50000.0,500.0,2023-01-10,,Active,Alice,Chen,32,Female,Single,New York,81871.61725891012,705,Employed,75,22,45,2,2,4700.0,3.0,2024-06-10,205.0,81.52042611055161,24.21949384312523,0,4,Theft incident reported in neighborhood,-0.0015220165751383206,1
2,2,Home,95.0,350000.0,1000.0,2022-05-01,,Active,Bob,Martinez,45,Male,Married,California,117539.92795464082,672,Employed,82,18,30,1,1,12000.0,5.0,2024-05-18,228.0,67.12578925986668,24.205621478578458,0,2,Car vandalized overnight,-0.005121088300848986,0
3,3,Auto,140.0,60000.0,750.0,2023-03-15,,Active,Carol,Wong,29,Female,Single,Texas,67006.94839685955,648,Self-Employed,60,5,120,3,1,8000.0,4.0,2024-03-21,286.0,74.95211253664966,28.451773629396204,0,2,Windshield cracked by falling debris,-0.05346053284805802,1
4,4,Life,200.0,250000.0,0.0,2020-07-20,,Active,Daniel,Kim,52,Male,Married,Illinois,132620.43881172175,801,Employed,88,25,20,1,0,0.0,1.0,,9999.0,86.52732065538551,15.520318532053214,0,1,Minor accident but resolved quickly,0.06248417540864175,1
5,5,Auto,110.0,45000.0,500.0,2022-11-11,,Active,Eva,Lopez,40,Female,Married,Florida,86035.2787615598,700,Employed,69,10,75,2,1,2200.0,2.0,2024-09-01,122.0,70.5909809718449,16.650493004921803,0,2,Water leak caused interior damage,0.020860078718959677,0
6,6,Auto,175.0,40000.0,1000.0,2023-02-01,,Active,Frank,Ng,37,Male,Single,Washington,75617.62910784676,646,Unemployed,40,2,180,4,0,0.0,1.0,,9999.0,65.37251275146991,23.626274824554166,0,5,Severe collision with significant damage,0.34332631072246717,0
7,7,Home,130.0,500000.0,1500.0,2021-09-12,,Active,Grace,Patel,50,Female,Widowed,New Jersey,99115.21067309681,776,Employed,95,30,15,1,1,9000.0,4.0,2024-11-30,32.0,90.26559498746009,20.923013277993455,0,2,Car vandalized overnight,0.095390439449064,0
8,8,Auto,105.0,30000.0,500.0,2023-05-01,,Active,Henry,Smith,28,Male,Single,Nevada,60758.883534232235,621,Student,55,8,200,3,0,0.0,1.0,,9999.0,79.32042841279467,28.885483995571644,0,4,Water leak caused interior damage,-0.0036271161617619746,0
9,9,Health,220.0,1000000.0,100.0,2019-10-01,,Active,Isabella,Rossi,34,Female,Married,Colorado,84745.54964886115,754,Employed,78,17,40,2,1,1500.0,2.0,2024-04-03,273.0,64.06478891908952,21.551855546872734,0,4,Severe collision with significant damage,0.36242553712542547,1
10,10,Auto,150.0,55000.0,750.0,2023-01-30,,Active,Jason,Liu,47,Male,Married,Massachusetts,109054.58866430256,713,Employed,65,11,90,2,1,5000.0,3.0,2025-01-12,-11.0,79.3158898300405,18.526177791988253,1,4,"Small scratch, almost no damage",-0.19528301067986728,0
1,1,Auto,120.0,50000.0,500.0,2023-01-10,,Active,Alice,Chen,32,Female,Single,New York,80258.31998127875,712,Employed,75,22,45,2,2,4700.0,3.0,2024-06-10,205.0,74.04625023667802,24.21949384312523,0,4,Theft incident reported in neighborhood,0.02010963187238609,0
2,2,Home,95.0,350000.0,1000.0,2022-05-01,,Active,Bob,Martinez,45,Male,Married,California,118404.4300309858,659,Employed,82,18,30,1,1,12000.0,5.0,2024-05-18,228.0,66.61848214521667,24.205621478578458,0,2,Car vandalized overnight,-0.008775871389352442,0
3,3,Auto,140.0,60000.0,750.0,2023-03-15,,Active,Carol,Wong,29,Female,Single,Texas,71081.70086846656,640,Self-Employed,60,5,120,3,1,8000.0,4.0,2024-03-21,286.0,80.96267385720734,28.451773629396204,0,2,Windshield cracked by falling debris,-0.03203658738822217,1
4,4,Life,200.0,250000.0,0.0,2020-07-20,,Active,Daniel,Kim,52,Male,Married,Illinois,137707.0810828678,781,Employed,88,25,20,1,0,0.0,1.0,,9999.0,84.3286569802217,15.520318532053214,0,1,Minor accident but resolved quickly,0.3245517568666204,1
5,5,Auto,110.0,45000.0,500.0,2022-11-11,,Active,Eva,Lopez,40,Female,Married,Florida,92074.55859045427,705,Employed,69,10,75,2,1,2200.0,2.0,2024-09-01,122.0,63.669278740030656,16.650493004921803,0,2,Water leak caused interior damage,0.01808928811308693,0
6,6,Auto,175.0,40000.0,1000.0,2023-02-01,,Active,Frank,Ng,37,Male,Single,Washington,72501.17310735158,669,Unemployed,40,2,180,4,0,0.0,1.0,,9999.0,62.14909935123546,23.626274824554166,0,5,Severe collision with significant damage,0.4292214788692198,1
7,7,Home,130.0,500000.0,1500.0,2021-09-12,,Active,Grace,Patel,50,Female,Widowed,New Jersey,103007.6104721308,770,Employed,95,30,15,1,1,9000.0,4.0,2024-11-30,32.0,92.34659743919492,20.923013277993455,0,2,Car vandalized overnight,-0.05114727601167477,1
8,8,Auto,105.0,30000.0,500.0,2023-05-01,,Active,Henry,Smith,28,Male,Single,Nevada,63907.596312148264,619,Student,55,8,200,3,0,0.0,1.0,,9999.0,78.78826887750984,28.885483995571644,0,4,Water leak caused interior damage,-0.02889926932118374,0
9,9,Health,220.0,1000000.0,100.0,2019-10-01,,Active,Isabella,Rossi,34,Female,Married,Colorado,77218.31348044009,733,Employed,78,17,40,2,1,1500.0,2.0,2024-04-03,273.0,59.11184678446432,21.551855546872734,0,4,Severe collision with significant damage,0.4806172944145144,1
10,10,Auto,150.0,55000.0,750.0,2023-01-30,,Active,Jason,Liu,47,Male,Married,Massachusetts,109833.7196098299,685,Employed,65,11,90,2,1,5000.0,3.0,2025-01-12,-11.0,79.92595477226786,18.526177791988253,1,4,"Small scratch, almost no damage",-0.18015345303221825,1
1,1,Auto,120.0,50000.0,500.0,2023-01-10,,Active,Alice,Chen,32,Female,Single,New York,93081.60785472844,692,Employed,75,22,45,2,2,4700.0,3.0,2024-06-10,205.0,73.73840118983306,24.21949384312523,0,4,Theft incident reported in neighborhood,0.022881105186664162,1
2,2,Home,95.0,350000.0,1000.0,2022-05-01,,Active,Bob,Martinez,45,Male,Married,California,117040.50289414646,689,Employed,82,18,30,1,1,12000.0,5.0,2024-05-18,228.0,64.85411607059824,24.205621478578458,0,2,Car vandalized overnight,-0.019078544589851178,1
3,3,Auto,140.0,60000.0,750.0,2023-03-15,,Active,Carol,Wong,29,Female,Single,Texas,61179.6533230251,698,Self-Employed,60,5,120,3,1,8000.0,4.0,2024-03-21,286.0,76.9895482217005,28.451773629396204,0,2,Windshield cracked by falling debris,-0.011701788597828798,0
4,4,Life,200.0,250000.0,0.0,2020-07-20,,Active,Daniel,Kim,52,Male,Married,Illinois,140531.6177378592,762,Employed,88,25,20,1,0,0.0,1.0,,9999.0,94.19125271476787,15.520318532053214,0,1,Minor accident but resolved quickly,0.10786112990386021,1
5,5,Auto,110.0,45000.0,500.0,2022-11-11,,Active,Eva,Lopez,40,Female,Married,Florida,94546.41908681823,683,Employed,69,10,75,2,1,2200.0,2.0,2024-09-01,122.0,65.61031071733368,16.650493004921803,0,2,Water leak caused interior damage,-0.05784246650693207,1
6,6,Auto,175.0,40000.0,1000.0,2023-02-01,,Active,Frank,Ng,37,Male,Single,Washington,73172.1307056903,669,Unemployed,40,2,180,4,0,0.0,1.0,,9999.0,69.49171197307217,23.626274824554166,0,5,Severe collision with significant damage,0.42119220921305073,0
7,7,Home,130.0,500000.0,1500.0,2021-09-12,,Active,Grace,Patel,50,Female,Widowed,New Jersey,99548.03287252765,781,Employed,95,30,15,1,1,9000.0,4.0,2024-11-30,32.0,91.85887386789253,20.923013277993455,0,2,Car vandalized overnight,0.026941561139602922,0
8,8,Auto,105.0,30000.0,500.0,2023-05-01,,Active,Henry,Smith,28,Male,Single,Nevada,55100.25979924419,612,Student,55,8,200,3,0,0.0,1.0,,9999.0,80.98230994186054,28.885483995571644,0,4,Water leak caused interior damage,0.036803940817113655,0
9,9,Health,220.0,1000000.0,100.0,2019-10-01,,Active,Isabella,Rossi,34,Female,Married,Colorado,80355.80909043881,750,Employed,78,17,40,2,1,1500.0,2.0,2024-04-03,273.0,69.45059396747763,21.551855546872734,0,4,Severe collision with significant damage,0.35815510060188677,1
10,10,Auto,150.0,55000.0,750.0,2023-01-30,,Active,Jason,Liu,47,Male,Married,Massachusetts,114663.6548614856,678,Employed,65,11,90,2,1,5000.0,3.0,2025-01-12,-11.0,73.68225650450246,18.526177791988253,1,4,"Small scratch, almost no damage",-0.23721805124334183,1
1,1,Auto,120.0,50000.0,500.0,2023-01-10,,Active,Alice,Chen,32,Female,Single,New York,82829.58063296688,719,Employed,75,22,45,2,2,4700.0,3.0,2024-06-10,205.0,71.78723046393345,24.21949384312523,0,4,Theft incident reported in neighborhood,-0.021602188248706723,0
2,2,Home,95.0,350000.0,1000.0,2022-05-01,,Active,Bob,Martinez,45,Male,Married,California,123508.40791514517,704,Employed,82,18,30,1,1,12000.0,5.0,2024-05-18,228.0,64.08896176184581,24.205621478578458,0,2,Car vandalized overnight,-0.03636540313851532,1
3,3,Auto,140.0,60000.0,750.0,2023-03-15,,Active,Carol,Wong,29,Female,Single,Texas,69854.89542956173,681,Self-Employed,60,5,120,3,1,8000.0,4.0,2024-03-21,286.0,77.19438879600914,28.451773629396204,0,2,Windshield cracked by falling debris,0.0833531218071088,1
4,4,Life,200.0,250000.0,0.0,2020-07-20,,Active,Daniel,Kim,52,Male,Married,Illinois,137311.26756352457,763,Employed,88,25,20,1,0,0.0,1.0,,9999.0,84.48817164553418,15.520318532053214,0,1,Minor accident but resolved quickly,0.1477420315087038,0
5,5,Auto,110.0,45000.0,500.0,2022-11-11,,Active,Eva,Lopez,40,Female,Married,Florida,88062.76327765452,729,Employed,69,10,75,2,1,2200.0,2.0,2024-09-01,122.0,67.78032315078127,16.650493004921803,0,2,Water leak caused interior damage,0.02537271691432702,1
6,6,Auto,175.0,40000.0,1000.0,2023-02-01,,Active,Frank,Ng,37,Male,Single,Washington,73581.50326826602,645,Unemployed,40,2,180,4,0,0.0,1.0,,9999.0,67.49831019550942,23.626274824554166,0,5,Severe collision with significant damage,0.4167877006928751,0
7,7,Home,130.0,500000.0,1500.0,2021-09-12,,Active,Grace,Patel,50,Female,Widowed,New Jersey,92612.9102621144,772,Employed,95,30,15,1,1,9000.0,4.0,2024-11-30,32.0,93.02484699883287,20.923013277993455,0,2,Car vandalized overnight,0.0067020443116511995,0
8,8,Auto,105.0,30000.0,500.0,2023-05-01,,Active,Henry,Smith,28,Male,Single,Nevada,57733.32234995958,610,Student,55,8,200,3,0,0.0,1.0,,9999.0,80.37379398277906,28.885483995571644,0,4,Water leak caused interior damage,0.012031637201257724,0
9,9,Health,220.0,1000000.0,100.0,2019-10-01,,Active,Isabella,Rossi,34,Female,Married,Colorado,84653.94183212504,710,Employed,78,17,40,2,1,1500.0,2.0,2024-04-03,273.0,62.70169994533479,21.551855546872734,0,4,Severe collision with significant damage,0.32066874115231464,1
10,10,Auto,150.0,55000.0,750.0,2023-01-30,,Active,Jason,Liu,47,Male,Married,Massachusetts,106282.6712235909,704,Employed,65,11,90,2,1,5000.0,3.0,2025-01-12,-11.0,78.15411734076231,18.526177791988253,1,4,"Small scratch, almost no damage",-0.2948057514218293,1
1,1,Auto,120.0,50000.0,500.0,2023-01-10,,Active,Alice,Chen,32,Female,Single,New York,81878.79338457237,709,Employed,75,22,45,2,2,4700.0,3.0,2024-06-10,205.0,71.83979375654303,24.21949384312523,0,4,Theft incident reported in neighborhood,-0.04739073775642234,1
2,2,Home,95.0,350000.0,1000.0,2022-05-01,,Active,Bob,Martinez,45,Male,Married,California,122560.7592948285,674,Employed,82,18,30,1,1,12000.0,5.0,2024-05-18,228.0,68.18826563384852,24.205621478578458,0,2,Car vandalized overnight,0.030272920841026764,1
3,3,Auto,140.0,60000.0,750.0,2023-03-15,,Active,Carol,Wong,29,Female,Single,Texas,69611.07316797237,663,Self-Employed,60,5,120,3,1,8000.0,4.0,2024-03-21,286.0,79.04986739159064,28.451773629396204,0,2,Windshield cracked by falling debris,0.0035445326411032564,1
4,4,Life,200.0,250000.0,0.0,2020-07-20,,Active,Daniel,Kim,52,Male,Married,Illinois,137759.4529991852,791,Employed,88,25,20,1,0,0.0,1.0,,9999.0,88.79362866949681,15.520318532053214,0,1,Minor accident but resolved quickly,0.09686508847838726,0
5,5,Auto,110.0,45000.0,500.0,2022-11-11,,Active,Eva,Lopez,40,Female,Married,Florida,85347.11783963839,711,Employed,69,10,75,2,1,2200.0,2.0,2024-09-01,122.0,68.85041988306389,16.650493004921803,0,2,Water leak caused interior damage,0.029004942081760344,1
6,6,Auto,175.0,40000.0,1000.0,2023-02-01,,Active,Frank,Ng,37,Male,Single,Washington,85256.23179720138,656,Unemployed,40,2,180,4,0,0.0,1.0,,9999.0,64.61417245375867,23.626274824554166,0,5,Severe collision with significant damage,0.4021728230477053,0
7,7,Home,130.0,500000.0,1500.0,2021-09-12,,Active,Grace,Patel,50,Female,Widowed,New Jersey,95136.986503331,791,Employed,95,30,15,1,1,9000.0,4.0,2024-11-30,32.0,93.55867939732677,20.923013277993455,0,2,Car vandalized overnight,-0.03474829956496824,0
8,8,Auto,105.0,30000.0,500.0,2023-05-01,,Active,Henry,Smith,28,Male,Single,Nevada,60616.98925493627,629,Student,55,8,200,3,0,0.0,1.0,,9999.0,86.49789254741773,28.885483995571644,0,4,Water leak caused interior damage,-0.0013913772314636899,0
9,9,Health,220.0,1000000.0,100.0,2019-10-01,,Active,Isabella,Rossi,34,Female,Married,Colorado,79365.37801652566,723,Employed,78,17,40,2,1,1500.0,2.0,2024-04-03,273.0,57.9556027893462,21.551855546872734,0,4,Severe collision with significant damage,0.40235708375302387,1
10,10,Auto,150.0,55000.0,750.0,2023-01-30,,Active,Jason,Liu,47,Male,Married,Massachusetts,105253.43393053982,705,Employed,65,11,90,2,1,5000.0,3.0,2025-01-12,-11.0,71.64832853921459,18.526177791988253,1,4,"Small scratch, almost no damage",-0.29291776770597117,0
1,1,Auto,120.0,50000.0,500.0,2023-01-10,,Active,Alice,Chen,32,Female,Single,New York,83519.162308747,723,Employed,75,22,45,2,2,4700.0,3.0,2024-06-10,205.0,76.13290186823234,24.21949384312523,0,4,Theft incident reported in neighborhood,0.028311338244797535,1
2,2,Home,95.0,350000.0,1000.0,2022-05-01,,Active,Bob,Martinez,45,Male,Married,California,120093.23040354348,715,Employed,82,18,30,1,1,12000.0,5.0,2024-05-18,228.0,67.31462446373429,24.205621478578458,0,2,Car vandalized overnight,0.015051180208178078,1
3,3,Auto,140.0,60000.0,750.0,2023-03-15,,Active,Carol,Wong,29,Female,Single,Texas,65400.10715254612,649,Self-Employed,60,5,120,3,1,8000.0,4.0,2024-03-21,286.0,85.35791208029944,28.451773629396204,0,2,Windshield cracked by falling debris,-0.04995998527505132,0
4,4,Life,200.0,250000.0,0.0,2020-07-20,,Active,Daniel,Kim,52,Male,Married,Illinois,138748.89448613938,775,Employed,88,25,20,1,0,0.0,1.0,,9999.0,89.15549557059414,15.520318532053214,0,1,Minor accident but resolved quickly,0.15265650341657178,0
5,5,Auto,110.0,45000.0,500.0,2022-11-11,,Active,Eva,Lopez,40,Female,Married,Florida,89353.49701815011,701,Employed,69,10,75,2,1,2200.0,2.0,2024-09-01,122.0,72.76034051822379,16.650493004921803,0,2,Water leak caused interior damage,0.01828242933279522,1
6,6,Auto,175.0,40000.0,1000.0,2023-02-01,,Active,Frank,Ng,37,Male,Single,Washington,69634.90131592685,642,Unemployed,40,2,180,4,0,0.0,1.0,,9999.0,58.99386097079544,23.626274824554166,0,5,Severe collision with significant damage,0.34369994369306006,1
7,7,Home,130.0,500000.0,1500.0,2021-09-12,,Active,Grace,Patel,50,Female,Widowed,New Jersey,94295.49786932282,777,Employed,95,30,15,1,1,9000.0,4.0,2024-11-30,32.0,92.20723171941812,20.923013277993455,0,2,Car vandalized overnight,-0.02736418249331046,1
8,8,Auto,105.0,30000.0,500.0,2023-05-01,,Active,Henry,Smith,28,Male,Single,Nevada,62424.66036244582,617,Student,55,8,200,3,0,0.0,1.0,,9999.0,76.34714947280162,28.885483995571644,0,4,Water leak caused interior damage,-0.050420996546559495,0
9,9,Health,220.0,1000000.0,100.0,2019-10-01,,Active,Isabella,Rossi,34,Female,Married,Colorado,74052.91686919866,735,Employed,78,17,40,2,1,1500.0,2.0,2024-04-03,273.0,61.44013709030195,21.551855546872734,0,4,Severe collision with significant damage,0.3525500515438053,0
10,10,Auto,150.0,55000.0,750.0,2023-01-30,,Active,Jason,Liu,47,Male,Married,Massachusetts,111265.70429219633,700,Employed,65,11,90,2,1,5000.0,3.0,2025-01-12,-11.0,75.51728841738309,18.526177791988253,1,4,"Small scratch, almost no damage",-0.2506041005218574,0
1,1,Auto,120.0,50000.0,500.0,2023-01-10,,Active,Alice,Chen,32,Female,Single,New York,86778.62074266783,717,Employed,75,22,45,2,2,4700.0,3.0,2024-06-10,205.0,70.26223527721042,24.21949384312523,0,4,Theft incident reported in neighborhood,-0.027226107934716033,1
2,2,Home,95.0,350000.0,1000.0,2022-05-01,,Active,Bob,Martinez,45,Male,Married,California,116018.57854430393,677,Employed,82,18,30,1,1,12000.0,5.0,2024-05-18,228.0,70.1119704872332,24.205621478578458,0,2,Car vandalized overnight,-0.07424439491219437,0
3,3,Auto,140.0,60000.0,750.0,2023-03-15,,Active,Carol,Wong,29,Female,Single,Texas,71562.95233509956,636,Self-Employed,60,5,120,3,1,8000.0,4.0,2024-03-21,286.0,78.53512232407549,28.451773629396204,0,2,Windshield cracked by falling debris,-0.034429401231831344,1
4,4,Life,200.0,250000.0,0.0,2020-07-20,,Active,Daniel,Kim,52,Male,Married,Illinois,128128.82550495348,794,Employed,88,25,20,1,0,0.0,1.0,,9999.0,89.34112726964538,15.520318532053214,0,1,Minor accident but resolved quickly,0.12080206132606655,1
5,5,Auto,110.0,45000.0,500.0,2022-11-11,,Active,Eva,Lopez,40,Female,Married,Florida,91185.83573599423,717,Employed,69,10,75,2,1,2200.0,2.0,2024-09-01,122.0,70.73828359185158,16.650493004921803,0,2,Water leak caused interior damage,0.04084193548161259,0
6,6,Auto,175.0,40000.0,1000.0,2023-02-01,,Active,Frank,Ng,37,Male,Single,Washington,74836.56826561596,613,Unemployed,40,2,180,4,0,0.0,1.0,,9999.0,73.24948470138645,23.626274824554166,0,5,Severe collision with significant damage,0.40473824573884654,1
7,7,Home,130.0,500000.0,1500.0,2021-09-12,,Active,Grace,Patel,50,Female,Widowed,New Jersey,99524.00809707642,786,Employed,95,30,15,1,1,9000.0,4.0,2024-11-30,32.0,87.49570958973851,20.923013277993455,0,2,Car vandalized overnight,0.04181105394375012,0
8,8,Auto,105.0,30000.0,500.0,2023-05-01,,Active,Henry,Smith,28,Male,Single,Nevada,55288.41342807771,638,Student,55,8,200,3,0,0.0,1.0,,9999.0,81.11861930878081,28.885483995571644,0,4,Water leak caused interior damage,-0.03695094484994841,1
9,9,Health,220.0,1000000.0,100.0,2019-10-01,,Active,Isabella,Rossi,34,Female,Married,Colorado,76251.9119824003,720,Employed,78,17,40,2,1,1500.0,2.0,2024-04-03,273.0,65.5382602021205,21.551855546872734,0,4,Severe collision with significant damage,0.3820775389539672,0
10,10,Auto,150.0,55000.0,750.0,2023-01-30,,Active,Jason,Liu,47,Male,Married,Massachusetts,116475.2081000824,695,Employed,65,11,90,2,1,5000.0,3.0,2025-01-12,-11.0,78.02117854834734,18.526177791988253,1,4,"Small scratch, almost no damage",-0.37115232495007666,0
1,1,Auto,120.0,50000.0,500.0,2023-01-10,,Active,Alice,Chen,32,Female,Single,New York,89860.62003548701,713,Employed,75,22,45,2,2,4700.0,3.0,2024-06-10,205.0,77.53096049399873,24.21949384312523,0,4,Theft incident reported in neighborhood,0.02144601990904943,1
2,2,Home,95.0,350000.0,1000.0,2022-05-01,,Active,Bob,Martinez,45,Male,Married,California,122968.33835409519,699,Employed,82,18,30,1,1,12000.0,5.0,2024-05-18,228.0,74.70284176420515,24.205621478578458,0,2,Car vandalized overnight,0.030544883695039878,1
3,3,Auto,140.0,60000.0,750.0,2023-03-15,,Active,Carol,Wong,29,Female,Single,Texas,71759.39241411875,633,Self-Employed,60,5,120,3,1,8000.0,4.0,2024-03-21,286.0,75.93355498325114,28.451773629396204,0,2,Windshield cracked by falling debris,-0.0175812583930462,0
4,4,Life,200.0,250000.0,0.0,2020-07-20,,Active,Daniel,Kim,52,Male,Married,Illinois,138384.05417868507,779,Employed,88,25,20,1,0,0.0,1.0,,9999.0,82.17341466408158,15.520318532053214,0,1,Minor accident but resolved quickly,0.15643815725275573,1
5,5,Auto,110.0,45000.0,500.0,2022-11-11,,Active,Eva,Lopez,40,Female,Married,Florida,88706.57515085516,724,Employed,69,10,75,2,1,2200.0,2.0,2024-09-01,122.0,64.3986644288564,16.650493004921803,0,2,Water leak caused interior damage,-0.07574621376850264,1
6,6,Auto,175.0,40000.0,1000.0,2023-02-01,,Active,Frank,Ng,37,Male,Single,Washington,75190.4142072574,658,Unemployed,40,2,180,4,0,0.0,1.0,,9999.0,70.21942425075146,23.626274824554166,0,5,Severe collision with significant damage,0.3349466504800088,0
7,7,Home,130.0,500000.0,1500.0,2021-09-12,,Active,Grace,Patel,50,Female,Widowed,New Jersey,94109.96648783596,776,Employed,95,30,15,1,1,9000.0,4.0,2024-11-30,32.0,89.04387182067741,20.923013277993455,0,2,Car vandalized overnight,0.038272461921613786,1
8,8,Auto,105.0,30000.0,500.0,2023-05-01,,Active,Henry,Smith,28,Male,Single,Nevada,59641.217492769894,605,Student,55,8,200,3,0,0.0,1.0,,9999.0,77.33881938785493,28.885483995571644,0,4,Water leak caused interior damage,0.02556266392697872,0
9,9,Health,220.0,1000000.0,100.0,2019-10-01,,Active,Isabella,Rossi,34,Female,Married,Colorado,84733.65699815674,707,Employed,78,17,40,2,1,1500.0,2.0,2024-04-03,273.0,60.06031829514201,21.551855546872734,0,4,Severe collision with significant damage,0.3544072744477616,1
10,10,Auto,150.0,55000.0,750.0,2023-01-30,,Active,Jason,Liu,47,Male,Married,Massachusetts,107357.17100697146,679,Employed,65,11,90,2,1,5000.0,3.0,2025-01-12,-11.0,77.39586500995371,18.526177791988253,1,4,"Small scratch, almost no damage",-0.2094318841297645,1
1,1,Auto,120.0,50000.0,500.0,2023-01-10,,Active,Alice,Chen,32,Female,Single,New York,89092.5648187489,713,Employed,75,22,45,2,2,4700.0,3.0,2024-06-10,205.0,78.53859493723003,24.21949384312523,0,4,Theft incident reported in neighborhood,0.006914905839995548,0
2,2,Home,95.0,350000.0,1000.0,2022-05-01,,Active,Bob,Martinez,45,Male,Married,California,120366.34295477506,680,Employed,82,18,30,1,1,12000.0,5.0,2024-05-18,228.0,69.5643166063299,24.205621478578458,0,2,Car vandalized overnight,-0.025211048196107973,1
3,3,Auto,140.0,60000.0,750.0,2023-03-15,,Active,Carol,Wong,29,Female,Single,Texas,62458.51253732107,650,Self-Employed,60,5,120,3,1,8000.0,4.0,2024-03-21,286.0,76.75894113258853,28.451773629396204,0,2,Windshield cracked by falling debris,-0.009141365530164688,1
4,4,Life,200.0,250000.0,0.0,2020-07-20,,Active,Daniel,Kim,52,Male,Married,Illinois,130570.72194661475,775,Employed,88,25,20,1,0,0.0,1.0,,9999.0,88.86292341408615,15.520318532053214,0,1,Minor accident but resolved quickly,0.11889578210108989,1
5,5,Auto,110.0,45000.0,500.0,2022-11-11,,Active,Eva,Lopez,40,Female,Married,Florida,93677.21147883101,712,Employed,69,10,75,2,1,2200.0,2.0,2024-09-01,122.0,67.75353136954962,16.650493004921803,0,2,Water leak caused interior damage,-0.0591887975409264,1
6,6,Auto,175.0,40000.0,1000.0,2023-02-01,,Active,Frank,Ng,37,Male,Single,Washington,77210.09634103354,658,Unemployed,40,2,180,4,0,0.0,1.0,,9999.0,67.94914424148048,23.626274824554166,0,5,Severe collision with significant damage,0.43783429029510507,1
7,7,Home,130.0,500000.0,1500.0,2021-09-12,,Active,Grace,Patel,50,Female,Widowed,New Jersey,100407.0562919505,764,Employed,95,30,15,1,1,9000.0,4.0,2024-11-30,32.0,84.21333398201223,20.923013277993455,0,2,Car vandalized overnight,-0.028401221664629557,1
8,8,Auto,105.0,30000.0,500.0,2023-05-01,,Active,Henry,Smith,28,Male,Single,Nevada,58903.872743008214,590,Student,55,8,200,3,0,0.0,1.0,,9999.0,79.99852215229441,28.885483995571644,0,4,Water leak caused interior damage,-0.04161803571484557,1
9,9,Health,220.0,1000000.0,100.0,2019-10-01,,Active,Isabella,Rossi,34,Female,Married,Colorado,80842.27191051435,720,Employed,78,17,40,2,1,1500.0,2.0,2024-04-03,273.0,62.6039214949158,21.551855546872734,0,4,Severe collision with significant damage,0.298532583974332,1
10,10,Auto,150.0,55000.0,750.0,2023-01-30,,Active,Jason,Liu,47,Male,Married,Massachusetts,113521.184997013,698,Employed,65,11,90,2,1,5000.0,3.0,2025-01-12,-11.0,80.67319494707061,18.526177791988253,1,4,"Small scratch, almost no damage",-0.3817983933794563,0
1,1,Auto,120.0,50000.0,500.0,2023-01-10,,Active,Alice,Chen,32,Female,Single,New York,90903.41312194914,730,Employed,75,22,45,2,2,4700.0,3.0,2024-06-10,205.0,76.49224440313589,24.21949384312523,0,4,Theft incident reported in neighborhood,0.03507484340594935,0
2,2,Home,95.0,350000.0,1000.0,2022-05-01,,Active,Bob,Martinez,45,Male,Married,California,126094.73679776242,696,Employed,82,18,30,1,1,12000.0,5.0,2024-05-18,228.0,71.68274527323736,24.205621478578458,0,2,Car vandalized overnight,0.0396804343518106,1
3,3,Auto,140.0,60000.0,750.0,2023-03-15,,Active,Carol,Wong,29,Female,Single,Texas,69487.839603034,669,Self-Employed,60,5,120,3,1,8000.0,4.0,2024-03-21,286.0,76.56513690900931,28.451773629396204,0,2,Windshield cracked by falling debris,0.05965192922973542,0
4,4,Life,200.0,250000.0,0.0,2020-07-20,,Active,Daniel,Kim,52,Male,Married,Illinois,134312.2732385419,778,Employed,88,25,20,1,0,0.0,1.0,,9999.0,87.21350292645047,15.520318532053214,0,1,Minor accident but resolved quickly,0.13421470085815757,0
5,5,Auto,110.0,45000.0,500.0,2022-11-11,,Active,Eva,Lopez,40,Female,Married,Florida,90584.99203127543,740,Employed,69,10,75,2,1,2200.0,2.0,2024-09-01,122.0,73.16716448834529,16.650493004921803,0,2,Water leak caused interior damage,-0.01609962636467976,1
6,6,Auto,175.0,40000.0,1000.0,2023-02-01,,Active,Frank,Ng,37,Male,Single,Washington,77088.48142902032,652,Unemployed,40,2,180,4,0,0.0,1.0,,9999.0,68.93569727027187,23.626274824554166,0,5,Severe collision with significant damage,0.34961384433484294,0
7,7,Home,130.0,500000.0,1500.0,2021-09-12,,Active,Grace,Patel,50,Female,Widowed,New Jersey,102072.26777538037,733,Employed,95,30,15,1,1,9000.0,4.0,2024-11-30,32.0,86.09249565646574,20.923013277993455,0,2,Car vandalized overnight,-0.020827881491910144,1
8,8,Auto,105.0,30000.0,500.0,2023-05-01,,Active,Henry,Smith,28,Male,Single,Nevada,65231.946548560416,637,Student,55,8,200,3,0,0.0,1.0,,9999.0,82.79711450431681,28.885483995571644,0,4,Water leak caused interior damage,0.05598951753700936,0
9,9,Health,220.0,1000000.0,100.0,2019-10-01,,Active,Isabella,Rossi,34,Female,Married,Colorado,88463.02288766662,719,Employed,78,17,40,2,1,1500.0,2.0,2024-04-03,273.0,62.2330884350691,21.551855546872734,0,4,Severe collision with significant damage,0.3736742375635521,1
10,10,Auto,150.0,55000.0,750.0,2023-01-30,,Active,Jason,Liu,47,Male,Married,Massachusetts,109178.98148154365,675,Employed,65,11,90,2,1,5000.0,3.0,2025-01-12,-11.0,77.41351307427767,18.526177791988253,1,4,"Small scratch, almost no damage",-0.23109646019992985,1
1,1,Auto,120.0,50000.0,500.0,2023-01-10,,Active,Alice,Chen,32,Female,Single,New York,93623.53963529784,727,Employed,75,22,45,2,2,4700.0,3.0,2024-06-10,205.0,83.30726835957242,24.21949384312523,0,4,Theft incident reported in neighborhood,-0.022100341598020184,0
2,2,Home,95.0,350000.0,1000.0,2022-05-01,,Active,Bob,Martinez,45,Male,Married,California,124688.95698703357,664,Employed,82,18,30,1,1,12000.0,5.0,2024-05-18,228.0,62.615698835393566,24.205621478578458,0,2,Car vandalized overnight,0.06604239531103537,1
3,3,Auto,140.0,60000.0,750.0,2023-03-15,,Active,Carol,Wong,29,Female,Single,Texas,67596.70803925917,640,Self-Employed,60,5,120,3,1,8000.0,4.0,2024-03-21,286.0,77.06913477014217,28.451773629396204,0,2,Windshield cracked by falling debris,-0.09523694397173697,1
4,4,Life,200.0,250000.0,0.0,2020-07-20,,Active,Daniel,Kim,52,Male,Married,Illinois,140994.25935546032,803,Employed,88,25,20,1,0,0.0,1.0,,9999.0,89.90944484050442,15.520318532053214,0,1,Minor accident but resolved quickly,0.08064045793076438,0
5,5,Auto,110.0,45000.0,500.0,2022-11-11,,Active,Eva,Lopez,40,Female,Married,Florida,96742.59320567666,718,Employed,69,10,75,2,1,2200.0,2.0,2024-09-01,122.0,70.24895284197866,16.650493004921803,0,2,Water leak caused interior damage,0.0189855262117279,1
6,6,Auto,175.0,40000.0,1000.0,2023-02-01,,Active,Frank,Ng,37,Male,Single,Washington,73158.81822322462,652,Unemployed,40,2,180,4,0,0.0,1.0,,9999.0,62.22542088716635,23.626274824554166,0,5,Severe collision with significant damage,0.4625305375615468,0
7,7,Home,130.0,500000.0,1500.0,2021-09-12,,Active,Grace,Patel,50,Female,Widowed,New Jersey,106928.86100994259,761,Employed,95,30,15,1,1,9000.0,4.0,2024-11-30,32.0,82.80739271178864,20.923013277993455,0,2,Car vandalized overnight,-0.011255009987938519,0
8,8,Auto,105.0,30000.0,500.0,2023-05-01,,Active,Henry,Smith,28,Male,Single,Nevada,64300.33128414385,587,Student,55,8,200,3,0,0.0,1.0,,9999.0,83.57221415779661,28.885483995571644,0,4,Water leak caused interior damage,-0.04211854028636718,1
9,9,Health,220.0,1000000.0,100.0,2019-10-01,,Active,Isabella,Rossi,34,Female,Married,Colorado,89474.23651191677,740,Employed,78,17,40,2,1,1500.0,2.0,2024-04-03,273.0,61.484647941565235,21.551855546872734,0,4,Severe collision with significant damage,0.4250331352579172,1
10,10,Auto,150.0,55000.0,750.0,2023-01-30,,Active,Jason,Liu,47,Male,Married,Massachusetts,108303.845672002,703,Employed,65,11,90,2,1,5000.0,3.0,2025-01-12,-11.0,73.46159049104232,18.526177791988253,1,4,"Small scratch, almost no damage",-0.233815077899255,0
